datum;seitenaufrufe;nutzer insgesamt;durchschn. zeit auf der seite;absprungrate;seiten / sitzung
2022-03-12;93;2;00:01:11;50.00%;46.5
2022-03-13;9;2;00:00:09;0.00%;4.5
2022-03-14;610;3;00:06:29;0.00%;67.78
2022-03-15;1.381;2;00:05:56;100.00%;276.2
2022-03-16;114;2;00:01:33;100.00%;57
2022-03-17;729;2;00:04:51;100.00%;145.8
2022-03-18;4;1;00:00:02;0.00%;4
2022-03-20;324;1;00:05:41;0.00%;64.8
2022-03-21;1.547;2;00:11:59;0.00%;309.4
2022-03-22;1.839;4;00:09:55;0.00%;229.88
2022-03-23;1.913;20;00:01:21;50.00%;79.71
2022-03-24;1.648;27;00:00:53;50.00%;54.93
2022-03-25;555;4;00:03:58;0.00%;61.67
2022-03-29;367;2;00:04:35;0.00%;122.33
2022-03-30;90;4;00:01:18;40.00%;18
2022-03-31;9;2;00:00:07;66.67%;3
2022-04-11;28;1;00:01:51;0.00%;28
2022-04-12;2;1;00:00:00;0.00%;2
2022-04-22;30;1;Keine Daten;0.00%;15
2022-04-25;112;1;00:03:44;0.00%;112
2022-04-26;1;1;00:00:07;0.00%;1
2022-05-09;283;1;00:06:33;0.00%;283
2022-05-10;0;1;00:00:00;100.00%;0
2022-05-11;339;3;00:03:31;0.00%;67.8
2022-05-12;152;3;00:02:52;0.00%;50.67
2022-05-13;175;3;00:01:44;0.00%;58.33
2022-05-15;133;12;00:01:54;23.53%;7.82
2022-05-16;206;33;00:01:48;23.81%;4.9
2022-05-17;236;28;00:01:51;25.00%;6.56
2022-05-18;136;23;00:01:40;25.81%;4.39
2022-05-19;121;20;00:02:06;17.39%;5.26
2022-05-20;188;18;00:00:49;33.33%;10.44
2022-05-21;47;10;00:03:16;50.00%;4.7
2022-05-22;143;39;00:00:56;37.21%;3.33
2022-05-23;115;27;00:01:35;45.45%;3.48
2022-05-24;193;36;00:01:41;32.61%;4.2
2022-05-25;138;22;00:02:33;18.52%;5.11
2022-05-26;233;27;00:02:21;33.33%;6.47
2022-05-28;137;21;00:02:01;32.00%;5.48
2022-05-29;141;21;00:02:12;17.39%;6.13
2022-05-30;67;19;00:01:19;41.67%;2.79
2022-05-31;94;24;00:01:16;24.00%;3.76
2022-06-01;90;21;00:01:26;33.33%;3.75
2022-06-02;174;24;00:01:59;23.33%;5.8
2022-06-03;32;11;00:01:01;50.00%;2.67
2022-06-04;112;27;00:02:05;39.29%;4
2022-06-05;129;22;00:02:00;17.86%;4.61
2022-06-06;95;18;00:02:12;9.52%;4.52
2022-06-07;184;30;00:01:55;40.54%;4.97
2022-06-08;33;9;00:00:27;61.54%;2.54
2022-06-09;55;15;00:02:55;60.00%;2.75
2022-06-10;154;21;00:01:58;32.26%;4.97
2022-06-11;50;9;00:01:31;56.25%;3.13
2022-06-12;50;16;00:01:33;52.63%;3.16
2022-06-13;111;15;00:01:46;42.86%;5.29
2022-06-15;135;24;00:01:08;33.33%;5
2022-06-16;53;14;00:00:43;13.33%;3.53
2022-06-17;43;10;00:01:19;27.27%;3.91
2022-06-18;69;6;00:04:55;12.50%;8.63
2022-06-19;73;9;00:07:24;46.15%;5.62
2022-06-20;62;14;00:03:15;33.33%;4.13
2022-06-21;85;16;00:01:47;20.00%;4.25
2022-06-22;73;9;00:01:38;35.71%;5.21
2022-06-23;43;12;00:01:36;29.41%;2.53
2022-06-24;138;13;00:02:16;35.71%;9.86
2022-06-25;20;5;00:00:10;28.57%;2.86
2022-06-26;51;11;00:01:07;62.50%;3.19
2022-06-27;167;16;00:02:54;17.65%;9.82
2022-06-28;32;8;00:00:44;61.54%;2.46
2022-06-29;44;11;00:01:29;56.25%;2.75
2022-06-30;17;5;00:01:31;40.00%;3.4
2022-07-01;69;16;00:01:03;59.09%;3.14
2022-07-02;61;12;00:01:18;33.33%;4.07
2022-07-03;35;11;00:01:06;46.15%;2.69
2022-07-05;3;3;00:00:48;66.67%;1
2022-07-06;111;12;00:01:02;42.86%;7.93
2022-07-07;54;9;00:03:00;36.36%;4.91
2022-07-08;27;12;00:01:12;53.33%;4.91
2022-07-09;30;6;00:01:33;33.33%;5
2022-07-10;74;10;00:02:09;41.67%;6.17
2022-07-11;109;9;00:02:40;9.09%;9.91
2022-07-12;230;34;00:03:21;34.78%;5
2022-07-13;218;26;00:01:16;43.75%;6.81
2022-07-14;35;18;00:00:32;57.14%;1.67
2022-07-15;52;19;00:00:44;50.00%;2.36
2022-07-16;108;18;00:01:47;27.78%;6
2022-07-17;55;17;00:00:54;42.11%;2.89
2022-07-18;216;45;00:01:19;43.28%;3.22
2022-07-19;180;23;00:02:12;15.38%;6.92
2022-07-20;78;23;00:01:14;38.10%;3.71
2022-07-21;69;17;00:01:50;40.00%;3.45
2022-07-22;43;15;00:00:48;20.00%;2.87
2022-07-23;38;13;00:02:22;38.46%;2.92
2022-07-24;78;8;00:01:49;50.00%;6.5
2022-07-25;227;21;00:02:18;24.14%;7.83
2022-07-26;146;21;00:02:14;23.33%;4.87
2022-07-27;188;34;00:01:54;42.86%;4.48
2022-07-28;52;9;00:01:20;44.44%;5.78
2022-07-29;23;10;00:01:07;76.92%;1.77
2022-07-30;382;7;00:01:20;50.00%;47.75
2022-07-31;28;10;00:01:10;27.27%;2.55
2022-08-01;41;15;00:00:22;40.00%;2.73
2022-08-02;50;9;00:00:36;41.67%;4.17
2022-08-03;189;11;00:01:22;35.71%;13.5
2022-08-04;60;10;00:01:38;26.32%;3.16
2022-08-05;117;21;00:01:12;38.71%;3.77
2022-08-06;28;6;00:00:45;28.57%;4
2022-08-07;80;10;00:00:53;26.67%;5.33
2022-08-08;115;24;00:02:19;41.18%;3.38
2022-08-09;50;12;00:01:59;31.25%;3.13
2022-08-10;88;13;00:05:52;25.00%;4.4
2022-08-11;203;14;00:03:21;31.58%;10.68
2022-08-12;67;9;00:01:33;36.36%;6.09
2022-08-13;25;6;00:01:28;50.00%;4.17
2022-08-14;52;11;00:00:57;35.29%;3.06
2022-08-15;87;13;00:02:03;26.32%;4.58
2022-08-16;42;11;00:02:00;38.46%;3.23
2022-08-17;46;11;00:01:47;46.15%;3.54
2022-08-18;96;15;00:02:20;33.33%;4.57
2022-08-19;37;12;00:01:57;64.29%;2.64
2022-08-20;40;11;00:04:06;41.67%;3.33
2022-08-21;68;16;00:01:14;47.06%;4
2022-08-22;58;14;00:01:02;100.00%;3.41
2022-08-23;10;6;00:00:24;100.00%;1.67
2022-08-24;143;20;00:02:07;100.00%;6.5
2022-08-25;32;10;00:00:38;100.00%;2.67
2022-08-26;43;9;00:01:08;100.00%;4.78
2022-08-27;59;14;00:00:43;43.75%;3.69
2022-08-28;105;15;00:03:29;40.00%;5.25
2022-08-29;58;8;00:02:55;25.00%;4.83
2022-08-30;108;9;00:01:34;11.11%;12
2022-08-31;9;3;00:02:33;50.00%;2.25
2022-09-01;281;17;00:02:33;20.69%;9.69
2022-09-02;124;13;00:03:01;42.86%;5.9
2022-09-03;28;11;00:01:14;38.46%;2.15
2022-09-04;32;4;00:01:06;25.00%;4
2022-09-05;30;10;00:01:00;27.27%;2.73
2022-09-06;53;11;00:02:27;30.77%;4.08
2022-09-07;53;11;00:02:57;35.71%;3.79
2022-09-08;131;12;00:04:02;28.57%;9.36
2022-09-09;41;13;00:00:34;21.43%;2.93
2022-09-10;47;7;00:01:37;25.00%;5.88
2022-09-11;58;7;00:01:22;33.33%;6.44
2022-09-12;79;17;00:01:14;28.57%;3.76
2022-09-13;225;20;00:02:14;38.46%;8.65
2022-09-14;181;23;00:02:23;43.75%;5.66
2022-09-15;117;21;00:01:12;50.00%;3.66
2022-09-16;66;11;00:01:54;18.75%;4.13
2022-09-17;37;13;00:01:15;46.15%;2.85
2022-09-18;64;14;00:01:27;61.11%;3.56
2022-09-19;42;15;00:00:43;37.50%;2.63
2022-09-20;43;7;00:00:45;22.22%;4.78
2022-09-21;95;13;00:01:48;38.89%;5.28
2022-09-22;63;12;00:02:00;15.38%;4.85
2022-09-23;79;11;00:02:52;20.00%;5.27
2022-09-24;12;7;00:00:23;57.14%;1.71
2022-09-25;12;5;00:02:21;20.00%;4.2
2022-09-26;167;23;00:01:56;40.00%;5.57
2022-09-27;241;24;00:02:25;24.24%;7.3
2022-09-28;44;15;00:00:51;54.55%;2
2022-09-29;74;18;00:00:53;51.61%;2.39
2022-09-30;164;15;00:02:14;35.29%;9.65
2022-10-01;64;7;00:02:21;25.00%;8
2022-10-02;67;9;00:03:32;33.33%;5.58
2022-10-03;46;13;00:01:06;33.33%;3.07
2022-10-04;201;19;00:02:53;30.77%;7.73
2022-10-05;181;27;00:02:17;34.15%;4.41
2022-10-06;217;18;00:04:09;23.08%;8.35
2022-10-07;170;24;00:03:23;34.15%;4.15
2022-10-08;122;21;00:01:36;46.15%;4.69
2022-10-09;237;26;00:02:32;35.00%;5.93
2022-10-10;315;65;00:01:51;25.35%;4.44
2022-10-11;382;49;00:02:30;36.67%;6.37
2022-10-12;256;32;00:02:39;35.71%;6.1
2022-10-14;228;26;00:03:42;35.29%;6.71
2022-10-15;95;11;00:03:21;23.08%;7.31
2022-10-16;128;12;00:02:31;27.78%;7.11
2022-10-17;141;42;00:01:14;41.18%;2.76
2022-10-18;118;24;00:01:32;47.06%;3.47
2022-10-19;100;20;00:01:21;41.67%;4.17
2022-10-20;61;14;00:02:42;23.53%;3.59
2022-10-21;50;17;00:01:40;55.00%;2.5
2022-10-22;82;11;00:00:48;13.33%;5.47
2022-10-23;156;21;00:02:20;37.93%;5.38
2022-10-24;156;23;00:01:28;31.03%;3.41
2022-10-26;164;30;00:02:19;39.39%;4.97
2022-10-28;52;16;00:01:23;50.00%;2.6
2022-10-29;47;12;00:00:18;56.25%;2.94
2022-10-30;67;13;00:01:15;42.31%;2.58
2022-10-31;93;13;00:02:27;35.29%;5.47
2022-11-01;128;19;00:01:54;40.74%;4.74
2022-11-02;106;40;00:01:38;26.67%;2.36
2022-11-03;395;19;00:02:04;34.62%;15.19
2022-11-04;160;21;00:02:24;42.31%;6.15
2022-11-05;40;9;00:02:37;45.45%;3.64
2022-11-06;53;13;00:03:23;23.08%;4.08
2022-11-07;299;23;00:01:52;25.71%;8.54
2022-11-08;202;28;00:02:02;35.14%;5.46
2022-11-09;230;38;00:02:53;36.96%;5
2022-11-10;134;23;00:02:49;27.78%;3.72
2022-11-11;224;41;00:01:40;27.45%;4.39
2022-11-12;79;19;00:00:53;42.86%;3.76
2022-11-13;102;25;00:01:30;27.59%;3.52
2022-11-14;101;25;00:01:10;27.59%;3.48
2022-11-15;272;24;00:01:33;28.13%;8.5
2022-11-16;87;23;00:00:44;44.44%;3.22
2022-11-17;126;26;00:01:13;30.56%;3.5
2022-11-18;29;11;00:00:48;38.46%;2.23
2022-11-19;46;10;00:02:00;33.33%;3.07
2022-11-20;37;7;00:01:42;0.00%;4.11
2022-11-21;114;30;00:03:13;8.16%;2.33
2022-11-22;72;14;00:01:41;0.00%;5.14
2022-11-23;43;15;00:00:59;0.00%;2.53
2022-11-24;78;21;00:00:59;3.45%;2.69
2022-11-25;49;10;00:01:54;9.09%;4.45
2022-11-26;75;9;00:06:43;0.00%;6.82
2022-11-27;92;18;00:02:18;0.00%;4.38
2022-11-28;150;37;00:00:47;4.55%;3.41
2022-11-29;174;15;00:01:30;0.00%;10.24
2022-11-30;154;18;00:02:19;8.00%;6.16
2022-12-01;89;21;00:01:56;3.33%;2.97
2022-12-02;58;17;00:01:34;14.29%;2.76
2022-12-03;58;10;00:00:24;7.14%;1.57
2022-12-04;121;12;00:01:28;0.00%;8.07
2022-12-05;109;27;00:01:37;12.12%;3.3
2022-12-06;204;24;00:02:18;5.88%;6
2022-12-07;64;16;00:01:36;4.76%;3.05
2022-12-08;56;15;00:00:54;9.09%;2.55
2022-12-09;43;11;00:01:47;15.38%;3.31
2022-12-10;43;13;00:01:28;11.76%;2.53
2022-12-11;68;9;00:02:20;9.09%;6.18
2022-12-12;352;18;00:04:03;5.00%;17.6
2022-12-13;133;17;00:01:41;12.50%;5.54
2022-12-14;331;26;00:02:57;0.00%;9.19
2022-12-15;253;14;00:01:29;10.53%;13.32
2022-12-16;146;20;00:01:12;12.00%;5.84
2022-12-17;80;14;00:01:46;5.56%;4.44
2022-12-18;42;10;00:01:17;0.00%;3.5
2022-12-19;211;36;00:02:33;0.00%;4.91
2022-12-20;137;27;00:02:48;5.88%;4.03
2022-12-21;75;18;00:02:44;8.33%;3.13
2022-12-22;31;10;00:00:40;0.00%;2.58
2022-12-23;70;14;00:01:21;0.00%;4.67
2022-12-24;18;10;00:00:13;0.00%;1.64
2022-12-25;33;4;00:03:49;25.00%;8.25
2022-12-26;13;6;00:00:15;0.00%;1.86
2022-12-27;138;13;00:03:22;0.00%;6.9
2022-12-28;892;12;00:07:57;10.53%;46.95
2022-12-29;146;14;00:02:06;0.00%;9.73
2022-12-30;69;11;00:02:28;0.00%;4.31
2022-12-31;19;7;00:00:30;0.00%;2.71
2023-01-01;20;6;00:01:02;0.00%;2.86
2023-01-02;434;15;00:04:38;5.56%;24.11
2023-01-03;120;18;00:02:47;4.76%;5.71
2023-01-04;284;32;00:01:54;17.50%;7.1
2023-01-06;112;18;00:02:10;12.50%;4.67
2023-01-07;36;11;00:01:19;8.33%;3
2023-01-08;30;6;00:02:49;0.00%;4.29
2023-01-09;276;30;00:03:02;4.76%;6.57
2023-01-10;122;23;00:01:21;4.00%;4.88
2023-01-11;485;26;00:03:00;3.13%;15.16
2023-01-12;554;54;00:02:34;7.25%;8.03
2023-01-13;44;20;00:00:29;0.00%;2.2
2023-01-14;103;11;00:01:55;0.00%;6.44
2023-01-15;52;6;00:01:52;9.09%;4.73
2023-01-16;159;29;00:02:18;5.41%;4.3
2023-01-17;127;26;00:01:27;6.45%;4.1
2023-01-18;91;17;00:03:06;10.00%;4.55
2023-01-19;114;18;00:01:56;8.00%;4.56
2023-01-20;119;23;00:01:30;3.45%;4.1
2023-01-21;133;21;00:01:49;8.70%;5.78
2023-01-22;113;21;00:02:21;8.33%;4.71
2023-01-23;155;33;00:01:53;0.00%;4.19
2023-01-24;160;24;00:02:53;10.34%;5.52
2023-01-25;145;21;00:03:13;3.57%;5.18
2023-01-27;105;29;00:01:17;8.11%;2.84
2023-01-28;67;15;00:01:36;4.55%;3.05
2023-01-29;110;27;00:00:46;0.00%;3.79
2023-01-30;122;27;00:01:20;7.69%;3.13
2023-01-31;234;60;00:01:47;5.56%;3.25
2023-02-01;98;27;00:01:19;6.45%;3.16
2023-02-02;239;34;00:02:07;13.33%;5.31
2023-02-03;134;22;00:03:13;7.69%;5.15
2023-02-04;170;17;00:01:30;4.55%;7.73
2023-02-05;128;13;00:02:56;6.25%;8
2023-02-06;160;29;00:01:45;5.41%;4.32
2023-02-07;110;18;00:01:55;4.55%;5
2023-02-08;76;12;00:01:50;11.76%;4.47
2023-02-09;154;25;00:03:01;12.50%;4.81
2023-02-10;98;16;00:01:30;10.00%;4.9
2023-02-11;42;10;00:01:11;0.00%;3
2023-02-12;97;12;00:01:59;6.67%;6.47
2023-02-13;100;23;00:02:54;6.67%;3.33
2023-02-14;91;16;00:01:25;25.00%;4.55
2023-02-15;104;20;00:02:23;4.35%;4.52
2023-02-16;243;29;00:01:40;17.14%;6.94
2023-02-17;165;22;00:02:38;3.45%;5.69
2023-02-18;72;17;00:02:38;4.17%;3
2023-02-19;234;31;00:02:56;2.00%;4.68
2023-02-20;169;33;00:01:22;11.11%;3.76
2023-02-21;85;19;00:01:04;13.04%;3.7
2023-02-22;99;21;00:01:06;3.13%;3.09
2023-02-23;310;35;00:02:14;6.12%;6.33
2023-02-24;96;20;00:02:15;3.33%;3.2
2023-02-25;77;15;00:01:40;0.00%;5.13
2023-02-26;49;14;00:00:46;6.25%;3.06
2023-02-27;187;29;00:02:30;5.13%;4.79
2023-02-28;91;20;00:01:27;3.85%;3.5
2023-03-01;121;21;00:01:31;10.34%;4.17
2023-03-02;87;21;00:01:14;14.81%;3.22
2023-03-03;87;21;00:01:14;14.81%;3.22
2023-03-04;28;9;00:00:42;0.00%;2.8
2023-03-05;32;13;00:00:41;7.14%;2.29
2023-03-07;196;25;00:01:59;0.00%;5.6
2023-03-08;203;24;00:03:21;9.38%;6.34
2023-03-09;142;25;00:01:06;3.23%;4.58
2023-03-10;49;12;00:00:42;20.00%;3.27
2023-03-11;81;16;00:03:23;0.00%;4.05
2023-03-12;173;18;00:03:01;8.70%;7.52
2023-03-13;133;24;00:03:24;10.71%;4.75
2023-03-14;328;41;00:01:58;8.00%;6.56
2023-03-15;310;57;00:02:52;7.58%;4.7
2023-03-16;142;38;00:01:29;8.70%;3.09
2023-03-17;81;33;00:00:57;2.94%;2.38
2023-03-18;139;37;00:02:16;6.67%;3.09
2023-03-19;219;53;00:01:29;5.17%;3.78
2023-03-20;221;61;00:00:43;9.72%;3.07
2023-03-21;262;63;00:02:12;2.74%;3.59
2023-03-22;215;48;00:01:20;3.39%;3.64
2023-03-23;195;50;00:01:23;8.33%;3.25
2023-03-24;177;49;00:01:28;7.81%;2.77
2023-03-25;167;51;00:01:32;6.90%;2.88
2023-03-26;262;54;00:02:27;1.64%;4.3
2023-03-27;392;91;00:01:29;4.00%;3.92
2023-03-28;343;84;00:01:47;5.94%;3.4
2023-03-29;269;63;00:01:39;9.72%;3.74
2023-03-30;225;52;00:01:24;3.23%;3.63
2023-03-31;231;53;00:01:38;8.33%;3.85
2023-04-01;235;50;00:02:12;8.47%;3.98
2023-04-02;244;56;00:01:56;4.92%;4
2023-04-03;229;78;00:00:56;2.20%;2.52
2023-04-04;208;53;00:01:53;4.69%;3.25
2023-04-05;120;19;00:01:44;0.00%;4.62
2023-04-07;142;12;00:05:28;7.14%;10.14
2023-04-08;161;14;00:03:02;5.88%;9.47
2023-04-09;148;19;00:03:17;5.00%;7.4
2023-04-10;33;7;00:00:35;12.50%;4.13
2023-04-11;125;18;00:03:39;17.39%;5.43
2023-04-12;158;22;00:02:08;3.70%;5.85
2023-04-13;124;17;00:01:45;8.33%;5.17
2023-04-14;115;17;00:01:48;12.50%;4.79
2023-04-15;154;13;00:02:24;0.00%;7
2023-04-16;157;19;00:02:46;8.00%;6.28
2023-04-17;130;20;00:00:49;4.76%;6.19
2023-04-18;129;17;00:01:48;0.00%;6.14
2023-04-19;144;15;00:04:50;10.00%;7.2
2023-04-20;135;27;00:01:11;12.12%;4.09
2023-04-21;125;16;00:01:10;0.00%;6.94
2023-04-22;45;8;00:01:12;11.11%;5
2023-04-23;172;19;00:02:08;4.00%;6.88
2023-04-24;158;23;00:02:40;4.00%;6.32
2023-04-25;311;41;00:01:42;8.16%;6.35
2023-04-26;171;37;00:01:00;13.04%;3.72
2023-04-27;159;30;00:01:24;2.94%;4.68
2023-04-28;329;37;00:01:48;6.38%;7
2023-04-29;100;16;00:01:13;4.76%;4.76
2023-04-30;153;18;00:01:26;5.00%;7.65
2023-05-01;224;46;00:00:51;2.00%;4.48
2023-05-02;335;56;00:01:28;5.80%;4.86
2023-05-03;497;49;00:01:00;5.26%;8.72
2023-05-04;252;46;00:01:29;9.26%;4.67
2023-05-05;440;25;00:01:37;6.25%;13.75
2023-05-06;158;19;00:01:55;4.17%;6.58
2023-05-07;252;28;00:03:11;6.06%;7.64
2023-05-08;212;32;00:01:59;7.69%;5.44
2023-05-09;339;33;00:02:23;7.89%;8.92
2023-05-11;377;36;00:02:19;8.89%;8.38
2023-05-12;234;45;00:01:17;7.69%;4.5
2023-05-13;176;27;00:01:30;6.06%;5.33
2023-05-15;507;72;00:01:35;5.81%;5.9
2023-05-16;338;42;00:02:21;7.84%;6.63
2023-05-17;240;41;00:01:38;4.55%;5.45
2023-05-18;156;29;00:03:12;6.25%;4.88
2023-05-19;113;17;00:03:19;5.56%;6.28
2023-05-20;241;33;00:02:31;5.56%;6.69
2023-05-21;170;35;00:01:19;9.76%;4.15
2023-05-22;372;41;00:01:57;8.16%;7.59
2023-05-23;407;51;00:01:44;9.23%;6.26
2023-05-24;342;54;00:01:59;7.58%;5.18
2023-05-25;283;45;00:01:58;8.93%;5.05
2023-05-26;201;38;00:01:06;6.52%;4.37
2023-05-27;112;23;00:00:49;0.00%;4.87
2023-05-28;157;24;00:01:20;0.00%;5.81
2023-05-29;243;25;00:02:16;6.45%;7.84
2023-05-30;298;33;00:02:58;4.55%;6.77
2023-05-31;465;62;00:01:29;1.49%;6.94
2023-06-01;202;46;00:00:49;2.08%;4.21
2023-06-02;166;31;00:00:47;17.14%;4.74
2023-06-03;187;28;00:01:45;6.06%;5.67
2023-06-04;119;19;00:01:27;3.45%;4.1
2023-06-05;163;26;00:01:11;6.90%;5.62
2023-06-06;219;35;00:02:06;7.14%;5.21
2023-06-07;147;32;00:01:10;2.86%;4.2
2023-06-08;301;37;00:02:43;6.67%;6.69
2023-06-09;255;33;00:01:48;2.38%;6.07
2023-06-10;116;26;00:01:04;6.90%;4
2023-06-11;154;22;00:01:11;11.11%;5.7
2023-06-12;301;44;00:01:46;14.81%;5.57
2023-06-14;155;33;00:01:09;5.41%;4.19
2023-06-15;258;51;00:01:14;3.51%;4.53
2023-06-16;251;35;00:01:31;4.76%;5.98
2023-06-17;153;27;00:01:31;12.50%;4.78
2023-06-18;191;37;00:02:02;2.50%;4.78
2023-06-19;255;47;00:01:04;13.21%;4.81
2023-06-20;195;26;00:02:17;10.34%;6.72
2023-06-21;172;29;00:02:42;0.00%;5.21
2023-06-22;236;47;00:01:14;4.17%;4.92
2023-06-23;190;28;00:01:31;0.00%;5.59
2023-06-24;362;49;00:02:28;6.56%;5.93
2023-06-25;908;29;00:01:44;3.13%;28.38
2023-06-26;259;48;00:01:02;1.92%;4.98
2023-06-27;261;36;00:01:34;11.36%;5.93
2023-06-28;212;30;00:01:27;5.56%;5.89
2023-06-29;187;31;00:01:53;11.76%;5.5
2023-06-30;285;40;00:01:23;9.26%;5.28
2023-07-01;135;24;00:01:00;3.57%;4.82
2023-07-02;111;28;00:00:47;6.45%;3.58
2023-07-03;273;43;00:01:02;7.84%;5.35
2023-07-04;213;41;00:01:43;10.64%;4.53
2023-07-05;260;49;00:01:20;3.70%;4.81
2023-07-06;243;27;00:03:37;6.06%;7.36
2023-07-07;144;27;00:01:21;0.00%;4.65
2023-07-08;201;25;00:01:48;10.71%;7.18
2023-07-09;213;29;00:03:31;0.00%;6.66
2023-07-10;318;40;00:02:45;14.00%;6.36
2023-07-11;197;34;00:01:20;7.32%;4.8
2023-07-12;283;54;00:01:06;8.06%;4.56
2023-07-13;392;38;00:01:37;7.32%;9.56
2023-07-14;394;46;00:02:22;8.47%;6.68
2023-07-15;271;36;00:02:28;0.00%;7.53
2023-07-16;177;35;00:01:55;2.86%;5.06
2023-07-17;286;37;00:03:03;4.76%;6.81
2023-07-18;376;61;00:01:14;9.86%;5.3
2023-07-19;329;45;00:02:54;9.80%;6.45
2023-07-20;752;131;00:01:20;4.76%;5.12
2023-07-21;384;76;00:01:06;3.66%;4.68
2023-07-22;197;26;00:02:18;0.00%;7.3
2023-07-23;154;25;00:02:17;0.00%;5.7
2023-07-24;130;35;00:00:41;9.76%;3.17
2023-07-25;238;34;00:01:00;0.00%;5.95
2023-07-26;185;38;00:01:29;4.76%;4.4
2023-07-27;194;35;00:01:30;2.38%;4.62
2023-07-28;206;40;00:01:34;6.12%;4.2
2023-07-29;139;32;00:01:00;2.78%;3.86
2023-07-30;212;35;00:01:51;5.00%;5.3
2023-07-31;284;54;00:01:07;4.55%;4.3
2023-08-01;257;44;00:01:51;9.62%;4.94
2023-08-02;380;44;00:03:01;5.77%;7.31
2023-08-03;240;52;00:01:12;8.33%;4
2023-08-04;175;26;00:01:19;9.68%;5.65
2023-08-05;112;21;00:02:22;0.00%;4.87
2023-08-06;179;38;00:01:40;5.13%;4.59
2023-08-07;395;68;00:02:14;2.67%;5.27
2023-08-08;336;48;00:01:50;7.14%;6
2023-08-09;304;52;00:02:05;3.39%;5.15
2023-08-10;291;44;00:01:36;1.85%;5.39
2023-08-11;242;39;00:01:13;6.38%;5.15
2023-08-12;134;24;00:00:51;0.00%;4.19
2023-08-13;99;23;00:01:04;11.11%;3.67
2023-08-14;186;40;00:01:18;2.38%;4.43
2023-08-15;289;50;00:02:04;9.26%;5.35
2023-08-16;233;34;00:02:00;10.00%;5.83
2023-08-17;196;32;00:01:32;2.50%;4.9
2023-08-19;137;31;00:01:09;5.41%;3.7
2023-08-20;169;33;00:01:38;5.26%;4.45
2023-08-21;294;53;00:02:12;5.36%;5.25
2023-08-22;448;57;00:01:00;8.96%;6.69
2023-08-23;207;34;00:01:21;5.26%;5.45
2023-08-24;284;54;00:01:04;4.92%;4.66
2023-08-25;167;38;00:02:15;2.38%;3.98
2023-08-26;179;36;00:01:27;2.63%;4.71
2023-08-27;419;34;00:03:13;0.00%;11.64
2023-08-28;234;40;00:02:04;4.44%;5.2
2023-08-29;323;54;00:02:07;4.76%;5.13
2023-08-30;265;56;00:01:39;6.45%;4.27
2023-09-01;240;41;00:01:11;4.17%;5
2023-09-02;167;24;00:00:45;2.78%;4.64
2023-09-03;125;28;00:01:09;0.00%;4.03
2023-09-04;197;31;00:02:25;5.56%;5.47
2023-09-05;272;47;00:01:26;15.52%;4.69
2023-09-06;353;49;00:01:31;11.67%;5.88
2023-09-07;134;34;00:00:25;2.70%;3.62
2023-09-08;241;28;00:02:15;6.67%;8.03
2023-09-09;273;37;00:02:31;2.38%;6.5
2023-09-10;217;41;00:01:52;2.38%;5.17
2023-09-11;130;34;00:00:44;20.93%;3.02
2023-09-12;297;55;00:01:52;8.96%;4.43
2023-09-13;231;37;00:01:48;17.39%;5.02
2023-09-15;132;34;00:02:11;2.70%;3.57
2023-09-16;148;30;00:01:06;0.00%;4.63
2023-09-17;145;37;00:00:42;4.88%;3.54
2023-09-18;444;67;00:01:28;7.14%;5.29
2023-09-19;3.375;48;00:01:22;5.36%;60.27
2023-09-20;307;43;00:01:57;12.00%;6.14
2023-09-21;304;47;00:02:18;9.26%;5.63
2023-09-22;167;29;00:02:54;6.25%;5.22
2023-09-23;181;20;00:02:01;0.00%;8.23
2023-09-24;261;27;00:04:40;0.00%;7.68
2023-09-25;281;38;00:01:50;6.25%;5.85
2023-09-26;315;40;00:01:32;2.00%;6.3
2023-09-27;245;41;00:01:20;10.64%;5.21
2023-09-28;281;40;00:01:41;10.64%;5.98
2023-09-29;118;30;00:01:55;9.09%;3.58
2023-09-30;73;19;00:01:18;0.00%;3.65
2023-10-01;253;36;00:02:59;6.98%;5.88
2023-10-02;109;28;00:01:53;6.45%;3.52
2023-10-03;102;31;00:01:11;8.57%;2.91
2023-10-04;213;32;00:01:46;2.63%;5.61
2023-10-05;274;56;00:02:01;7.81%;4.28
2023-10-06;199;48;00:01:56;3.92%;3.9
2023-10-08;189;49;00:01:33;9.26%;3.5
2023-10-09;189;49;00:01:33;9.26%;3.5
2023-10-10;189;49;00:01:33;9.26%;3.5
2023-10-11;189;49;00:01:33;9.26%;3.5
2023-10-12;226;50;00:02:08;14.04%;3.96
2023-10-13;254;53;00:01:31;7.69%;3.91
2023-10-14;254;53;00:01:31;7.69%;3.91
2023-10-15;254;53;00:01:31;7.69%;3.91
2023-10-16;254;53;00:01:31;7.69%;3.91
2023-10-17;248;59;00:01:36;6.15%;3.82
2023-10-18;156;46;00:01:52;6.00%;3.12
2023-10-19;179;49;00:01:24;3.85%;3.44
2023-10-20;83;28;00:01:31;16.13%;2.68
2023-10-21;103;24;00:02:49;12.00%;4.12
2023-10-22;235;36;00:01:49;4.35%;5.11
2023-10-23;209;54;00:01:37;8.20%;3.43
2023-10-24;228;45;00:01:41;11.11%;4.22
2023-10-25;212;51;00:02:18;10.34%;3.66
2023-10-26;157;47;00:01:01;16.67%;2.62
2023-10-27;69;52;00:01:20;26.67%;1.15
2023-10-28;30;29;00:01:13;36.67%;1
2023-10-29;52;39;00:01:29;34.78%;1.13
2023-10-30;341;48;00:01:32;35.48%;5.5
2023-10-31;50;39;00:01:33;24.44%;1.11
2023-11-01;407;51;00:01:09;42.37%;6.9
2023-11-02;314;67;00:01:40;26.32%;4.13
2023-11-03;110;45;00:01:18;33.96%;2.08
2023-11-04;63;52;00:01:47;32.79%;1.03
2023-11-05;148;58;00:01:26;23.88%;2.21
2023-11-06;72;55;00:02:01;31.34%;1.07
2023-11-07;64;56;00:02:06;31.67%;1.07
2023-11-08;62;49;00:01:51;34.55%;1.13
2023-11-09;64;55;00:01:01;37.10%;1.03
2023-11-10;64;51;00:01:40;23.21%;1.14
2023-11-11;59;47;00:01:22;46.55%;1.02
2023-11-12;56;47;00:01:59;38.98%;0.95
2023-11-13;93;75;00:02:06;27.38%;1.11
2023-11-14;80;61;00:02:08;33.82%;1.18
2023-11-15;67;54;00:01:30;21.67%;1.12
2023-11-16;56;52;00:01:32;31.03%;0.97
2023-11-17;48;39;00:01:31;34.88%;1.12
2023-11-18;43;31;00:01:23;32.35%;1.26
2023-11-19;59;49;00:01:54;29.63%;1.09
2023-11-20;71;57;00:01:36;29.85%;1.06
2023-11-21;407;77;00:01:30;26.14%;4.63
2023-11-22;53;44;00:01:01;33.33%;1.1
2023-11-23;63;54;00:01:44;32.26%;1.02
2023-11-24;75;53;00:01:50;45.83%;1.04
2023-11-25;48;44;00:01:38;36.96%;1.04
2023-11-26;54;42;00:01:30;38.46%;1.04
2023-11-27;63;45;00:01:42;42.11%;1.11
2023-11-28;64;51;00:01:52;35.59%;1.08
2023-11-29;56;41;00:01:40;33.33%;1.04
2023-11-30;38;32;00:01:41;29.41%;1.12
2023-12-01;40;39;00:01:24;37.21%;0.93
2023-12-02;40;29;00:01:59;27.27%;1.21
2023-12-03;34;28;00:00:55;31.25%;1.06
2023-12-04;65;58;00:01:40;35.94%;1.02
2023-12-05;83;63;00:02:55;28.17%;1.17
2023-12-06;84;62;00:03:00;26.03%;1.15
2023-12-07;56;47;00:01:50;33.96%;1.06
2023-12-08;47;41;00:02:06;23.91%;1.02
2023-12-09;88;66;00:02:01;32.89%;1.16
2023-12-10;49;48;00:01:48;35.19%;0.91
2023-12-11;117;61;00:02:15;29.11%;1.48
2023-12-12;61;56;00:02:38;29.31%;1.05
2023-12-13;70;57;00:01:51;30.16%;1.11
2023-12-14;54;43;00:02:26;40.00%;0.98
2023-12-15;57;48;00:02:16;17.31%;1.1
2023-12-16;36;31;00:02:00;33.33%;1
2023-12-17;34;30;00:02:00;24.24%;1.03
2023-12-18;64;51;00:01:49;31.58%;1.12
2023-12-19;64;47;00:01:34;23.53%;1.25
2023-12-20;80;70;00:01:24;26.32%;1.05
2023-12-21;87;57;00:01:34;41.67%;1.21
2023-12-22;74;54;00:03:36;37.50%;1.16
2023-12-23;61;44;00:01:45;23.40%;1.3
2023-12-24;33;29;00:00:59;35.48%;1.06
2023-12-25;52;37;00:02:38;10.53%;1.37
2023-12-26;43;38;00:01:56;34.15%;1.05
2023-12-27;52;46;00:01:13;29.79%;1.11
2023-12-28;50;40;00:02:15;24.44%;1.11
2023-12-29;36;34;00:01:32;21.62%;0.97
2023-12-30;44;31;00:02:42;26.47%;1.29
2023-12-31;47;44;00:01:00;27.66%;1
2024-01-01;49;43;00:01:20;23.40%;1.04
2024-01-03;57;54;00:02:10;24.19%;0.92
2024-01-04;61;52;00:01:49;40.68%;1.03
2024-01-05;39;29;00:02:14;40.00%;0.98
2024-01-06;49;34;00:01:35;16.22%;1.32
2024-01-07;60;55;00:02:09;28.81%;1.02
2024-01-08;69;59;00:01:47;28.79%;1.05
2024-01-09;59;54;00:01:44;22.22%;0.94
2024-01-10;66;55;00:02:37;29.03%;1.06
2024-01-11;118;96;00:01:45;39.29%;1.05
2024-01-12;93;56;00:01:18;45.21%;1.27
2024-01-13;43;34;00:01:56;23.26%;1
2024-01-14;106;84;00:01:10;37.50%;1.1
2024-01-15;70;66;00:02:00;30.67%;0.93
2024-01-16;60;56;00:01:35;29.51%;0.98
2024-01-17;69;64;00:01:05;31.51%;0.95
2024-01-18;65;52;00:01:53;34.48%;1.12
2024-01-19;50;42;00:01:08;31.91%;1.06
2024-01-20;42;35;00:01:46;28.21%;1.08
2024-01-21;59;54;00:01:12;32.76%;1.02
2024-01-22;75;68;00:01:10;36.11%;1.04
2024-01-23;64;58;00:01:33;38.46%;0.98
2024-01-24;84;68;00:00:50;47.44%;1.08
2024-01-25;69;64;00:01:17;33.33%;0.92
2024-01-26;47;44;00:01:25;31.25%;0.98
2024-01-27;250;42;00:01:12;32.00%;5
2024-01-28;90;49;00:01:19;33.33%;1.58
2024-01-29;119;86;00:02:14;30.77%;1.14
2024-01-30;73;65;00:01:12;41.33%;0.97
2024-01-31;101;85;00:01:40;27.78%;1.12
2024-02-01;73;60;00:01:59;42.25%;1.03
2024-02-02;69;53;00:01:28;32.26%;1.11
2024-02-03;46;35;00:01:39;36.84%;1.21
2024-02-04;71;66;00:01:36;32.35%;1.04
2024-02-05;107;85;00:01:21;26.04%;1.11
2024-02-06;79;61;00:01:31;31.43%;1.13
2024-02-07;84;60;00:02:24;31.58%;1.11
2024-02-08;69;58;00:01:30;35.82%;1.03
2024-02-09;54;46;00:01:23;34.00%;1.08
2024-02-10;56;35;00:02:10;30.00%;1.4
2024-02-11;55;45;00:01:31;23.53%;1.08
2024-02-12;71;56;00:01:51;27.42%;1.15
2024-02-13;56;53;00:01:39;39.66%;0.97
2024-02-14;83;65;00:01:25;30.00%;1.04
2024-02-15;83;65;00:01:25;30.00%;1.04
2024-02-16;83;65;00:01:25;30.00%;1.04
2024-02-17;83;65;00:01:25;30.00%;1.04
2024-02-18;117;85;00:01:20;35.85%;1.1
2024-02-19;94;65;00:01:09;42.86%;1.22
2024-02-20;92;71;00:01:55;42.35%;1.08
2024-02-21;110;78;00:01:58;25.56%;1.22
2024-02-22;77;64;00:01:33;36.25%;0.96
2024-02-23;67;58;00:01:11;37.68%;0.97
2024-02-24;64;48;00:01:18;39.29%;1.14
2024-02-25;65;57;00:01:41;27.27%;0.98
2024-02-26;95;68;00:01:25;39.29%;1.13
2024-02-27;100;85;00:01:52;38.24%;0.98
2024-02-28;84;71;00:01:11;34.62%;1.08
2024-02-29;78;72;00:01:10;27.85%;0.99
2024-03-01;61;46;00:01:37;34.69%;1.24
2024-03-02;69;53;00:01:18;43.08%;1.06
2024-03-03;77;61;00:01:53;33.80%;1.08
2024-03-04;116;87;00:01:49;40.82%;1.18
2024-03-05;94;81;00:01:22;33.71%;1.06
2024-03-06;75;65;00:01:17;31.94%;1.04
2024-03-07;95;69;00:01:31;37.04%;1.17
2024-03-09;169;54;00:01:29;33.33%;2.96
2024-03-10;101;77;00:01:38;23.60%;1.13
2024-03-11;88;77;00:01:40;33.71%;0.99
2024-03-12;77;63;00:01:32;35.53%;1.01
2024-03-13;133;92;00:01:55;33.04%;1.16
2024-03-14;82;72;00:01:11;41.77%;1.04
2024-03-15;79;63;00:02:13;26.03%;1.08
2024-03-16;39;35;00:01:10;40.00%;0.98
2024-03-17;90;73;00:01:29;24.36%;1.15
2024-03-18;103;83;00:01:31;31.96%;1.06
2024-03-19;68;58;00:01:56;36.92%;1.05
2024-03-20;76;62;00:01:24;46.84%;0.96
2024-03-21;65;57;00:01:10;30.65%;1.05
2024-03-22;74;62;00:01:40;36.49%;1
2024-03-23;66;54;00:01:26;45.90%;1.08
2024-03-25;117;92;00:01:17;39.45%;1.07
2024-03-26;102;85;00:01:11;46.53%;1.01
2024-03-27;101;79;00:01:20;39.78%;1.09
2024-03-28;75;67;00:00:56;32.88%;1.03
2024-03-29;60;55;00:01:31;34.38%;0.94
2024-03-30;42;38;00:01:50;35.90%;1.08
2024-03-31;54;45;00:01:44;35.29%;1.06
2024-04-01;89;68;00:01:12;34.72%;1.24
2024-04-02;131;89;00:02:42;24.30%;1.22
2024-04-03;753;88;00:02:03;31.13%;7.1
2024-04-04;322;112;00:02:19;24.60%;2.56
2024-04-05;683;64;00:02:53;29.49%;8.76
2024-04-06;57;47;00:01:47;27.45%;1.12
2024-04-07;78;57;00:02:01;20.63%;1.24
2024-04-08;390;93;00:01:34;36.13%;3.28
2024-04-09;472;74;00:01:57;29.35%;5.13
2024-04-10;120;106;00:01:35;35.83%;1
2024-04-11;125;95;00:01:57;31.43%;1.19
2024-04-12;531;56;00:01:54;28.79%;8.05
2024-04-13;64;56;00:01:26;20.69%;1.1
2024-04-14;66;60;00:01:16;33.85%;1.02
2024-04-15;150;95;00:01:45;24.30%;1.4
2024-04-16;117;95;00:02:26;28.30%;1.1
2024-04-17;133;109;00:01:54;35.25%;1.09
2024-04-18;104;84;00:01:38;33.33%;1.05
2024-04-19;106;89;00:01:38;35.11%;1.13
2024-04-20;72;62;00:01:17;34.33%;1.07
2024-04-21;110;88;00:01:27;30.30%;1.11
2024-04-22;124;106;00:01:16;29.82%;1.09
2024-04-23;86;75;00:01:58;28.05%;1.05
2024-04-24;134;97;00:01:30;36.04%;1.21
2024-04-25;98;81;00:00:58;46.74%;1.07
2024-04-26;118;100;00:01:30;37.07%;1.02
2024-04-27;65;55;00:01:34;25.00%;1.08
2024-04-28;89;76;00:01:21;30.12%;1.07
2024-04-29;79;72;00:01:46;28.21%;1.01
2024-04-30;106;76;00:01:33;31.82%;1.2
2024-05-01;90;72;00:01:32;28.05%;1.1
2024-05-02;204;98;00:01:17;37.61%;1.87
2024-05-03;80;75;00:01:19;25.00%;1.05
2024-05-04;69;61;00:01:37;23.44%;1.08
2024-05-05;99;69;00:01:27;40.79%;1.3
2024-05-06;208;90;00:01:18;33.33%;1.98
2024-05-07;105;90;00:02:13;26.47%;1.03
2024-05-08;72;68;00:01:11;36.36%;0.94
2024-05-09;81;69;00:01:33;31.58%;1.07
2024-05-10;162;66;00:01:30;30.56%;2.25
2024-05-11;74;63;00:01:14;38.03%;1.04
2024-05-12;66;56;00:01:00;39.39%;1
2024-05-13;332;85;00:02:05;34.00%;3.32
2024-05-14;68;57;00:01:02;38.81%;1.01
2024-05-15;88;75;00:01:04;37.35%;1.06
2024-05-16;106;90;00:01:41;30.21%;1.1
2024-05-17;321;88;00:01:42;35.00%;3.21
2024-05-18;98;72;00:01:35;27.27%;1.27
2024-05-19;93;79;00:01:35;24.72%;1.04
2024-05-20;94;82;00:01:11;33.33%;1.08
2024-05-21;198;120;00:01:13;31.06%;1.5
2024-05-22;193;162;00:01:36;33.33%;1.07
2024-05-23;178;145;00:01:25;33.73%;1.05
2024-05-24;124;113;00:01:44;32.00%;0.99
2024-05-25;111;95;00:01:23;29.00%;1.11
2024-05-26;139;123;00:01:30;29.77%;1.06
2024-05-27;170;144;00:01:04;34.38%;1.06
2024-05-28;183;161;00:01:29;27.87%;1
2024-05-29;130;108;00:01:27;37.60%;1.04
2024-05-30;238;189;00:01:41;28.77%;1.09
2024-05-31;147;128;00:01:47;35.71%;1.05
2024-06-01;147;104;00:02:39;31.93%;1.24
2024-06-02;166;138;00:01:57;31.65%;1.05
2024-06-03;164;121;00:01:53;28.47%;1.14
2024-06-04;130;112;00:01:29;31.20%;1.04
2024-06-05;117;109;00:01:33;23.93%;1
2024-06-06;118;97;00:01:57;33.01%;1.15
2024-06-07;70;58;00:01:35;31.34%;1.04
2024-06-08;71;59;00:00:55;39.06%;1.11
2024-06-09;81;65;00:01:14;36.84%;1.07
2024-06-10;457;98;00:02:04;35.14%;4.12
2024-06-11;217;93;00:01:59;39.25%;2.03
2024-06-12;217;93;00:01:59;39.25%;2.03
2024-06-13;217;93;00:01:59;39.25%;2.03
2024-06-14;217;93;00:01:59;39.25%;2.03
2024-06-15;77;58;00:01:55;36.62%;1.08
2024-06-16;108;81;00:02:00;26.09%;1.17
2024-06-17;180;139;00:01:45;24.50%;1.19
2024-06-18;140;113;00:01:35;30.83%;1.05
2024-06-19;113;102;00:01:37;37.93%;0.97
2024-06-20;121;105;00:01:25;21.55%;1.04
2024-06-21;119;105;00:01:06;32.20%;1.01
2024-06-22;101;83;00:01:53;24.73%;1.09
2024-06-23;75;65;00:01:19;29.33%;1
2024-06-24;124;103;00:00:58;35.96%;1.09
2024-06-25;95;85;00:01:26;34.78%;1.03
2024-06-26;97;71;00:01:12;35.29%;1.14
2024-06-27;89;79;00:01:34;34.48%;1.02
2024-06-28;85;58;00:01:00;36.36%;1.29
2024-06-29;87;68;00:01:22;43.75%;1.09
2024-06-30;99;87;00:01:35;28.89%;1.1
2024-07-01;152;83;00:01:25;36.17%;1.62
2024-07-02;112;93;00:01:27;29.81%;1.08
2024-07-03;112;89;00:01:17;32.63%;1.18
2024-07-04;89;79;00:01:28;31.40%;1.03
2024-07-06;51;50;00:01:30;35.85%;0.96
2024-07-07;115;88;00:01:38;34.02%;1.19
2024-07-08;138;106;00:01:17;37.40%;1.12
2024-07-09;129;109;00:01:23;40.31%;1
2024-07-10;104;95;00:01:54;35.78%;0.95
2024-07-11;113;91;00:01:22;33.98%;1.1
2024-07-12;89;74;00:01:51;32.10%;1.1
2024-07-13;61;44;00:01:37;32.08%;1.15
2024-07-14;69;64;00:01:49;28.17%;0.97
2024-07-15;137;98;00:01:50;35.83%;1.14
2024-07-16;141;84;00:01:54;36.08%;1.45
2024-07-17;110;81;00:01:58;25.29%;1.26
2024-07-18;105;87;00:01:11;31.91%;1.12
2024-07-19;76;64;00:01:15;40.58%;1.1
2024-07-21;101;85;00:01:44;24.47%;1.07
2024-07-22;104;95;00:01:13;35.29%;1.02
2024-07-23;95;80;00:01:33;41.38%;1.09
2024-07-24;120;94;00:01:48;31.73%;1.15
2024-07-25;126;95;00:01:56;33.33%;1.14
2024-07-26;92;78;00:00:55;50.55%;1.01
2024-07-27;76;60;00:01:22;37.68%;1.1
2024-07-28;80;69;00:01:20;41.56%;1.04
2024-07-29;73;67;00:01:14;47.95%;1
2024-07-30;99;83;00:01:11;38.71%;1.06
2024-07-31;99;79;00:01:39;35.63%;1.14
2024-08-01;90;79;00:01:39;38.64%;1.02
2024-08-02;99;81;00:01:09;43.96%;1.09
2024-08-03;58;49;00:01:30;46.15%;1.12
2024-08-04;86;78;00:01:26;35.00%;1.08
2024-08-05;87;82;00:01:06;47.78%;0.97
2024-08-06;88;82;00:01:08;42.53%;1.01
2024-08-07;113;97;00:01:20;41.12%;1.06
2024-08-08;87;67;00:01:10;47.22%;1.21
2024-08-09;89;75;00:01:54;25.30%;1.07
2024-08-10;71;63;00:01:20;34.85%;1.08
2024-08-11;85;67;00:01:33;32.88%;1.16
2024-08-12;105;86;00:01:36;31.87%;1.15
2024-08-13;114;91;00:01:29;30.10%;1.11
2024-08-14;86;81;00:01:13;27.38%;1.02
2024-08-15;93;74;00:01:32;29.41%;1.09
2024-08-16;127;63;00:01:31;32.35%;1.87
2024-08-17;81;57;00:02:09;26.47%;1.19
2024-08-18;61;60;00:01:24;35.94%;0.95
2024-08-19;87;67;00:01:43;32.91%;1.1
2024-08-20;177;85;00:01:59;42.72%;1.72
2024-08-21;89;70;00:01:58;41.98%;1.1
2024-08-22;78;65;00:01:36;41.67%;1.08
2024-08-23;57;46;00:01:42;31.37%;1.12
2024-08-24;64;48;00:01:07;48.15%;1.19
2024-08-25;78;71;00:01:11;42.31%;1
2024-08-26;84;76;00:02:09;42.53%;0.97
2024-08-27;100;83;00:01:16;47.83%;1.09
2024-08-28;95;84;00:01:41;53.26%;1.03
2024-08-29;91;77;00:01:24;40.23%;1.05
2024-08-30;88;69;00:01:48;39.53%;1.02
2024-08-31;83;63;00:01:16;44.74%;1.09
2024-09-01;110;86;00:01:33;41.41%;1.11
2024-09-02;99;80;00:01:35;41.11%;1.1
2024-09-03;115;102;00:01:10;41.12%;1.07
2024-09-04;101;89;00:01:10;48.51%;1
2024-09-05;100;82;00:01:07;42.27%;1.03
2024-09-06;54;48;00:01:37;50.94%;1.02
2024-09-07;78;68;00:01:11;45.83%;1.08
2024-09-08;99;88;00:01:10;45.16%;1.06
2024-09-09;99;86;00:01:43;28.42%;1.04
2024-09-10;118;105;00:01:24;42.02%;0.99
2024-09-11;102;84;00:01:45;46.32%;1.07
2024-09-12;102;67;00:01:01;49.35%;1.1
2024-09-13;79;75;00:00:57;48.72%;1.01
2024-09-14;98;73;00:01:30;38.75%;1.23
2024-09-15;118;93;00:02:46;47.62%;1.12
2024-09-16;133;97;00:02:17;44.14%;1.2
2024-09-17;117;106;00:01:19;41.88%;1
2024-09-18;107;90;00:01:21;46.23%;1.01
2024-09-19;99;88;00:01:50;45.87%;0.91
2024-09-20;98;79;00:02:17;46.67%;1.09
2024-09-21;93;75;00:01:59;40.00%;1.09
2024-09-22;100;89;00:01:19;36.96%;1.09
2024-09-23;111;93;00:01:21;46.60%;1.08
2024-09-24;140;117;00:01:36;49.24%;1.06
2024-09-25;106;90;00:01:16;45.92%;1.08
2024-09-26;93;83;00:01:12;43.96%;1.02
2024-09-27;93;91;00:01:05;50.00%;1.04
2024-09-28;107;83;00:01:27;35.96%;1.2
2024-09-29;98;76;00:01:42;37.04%;1.21
2024-09-30;106;99;00:01:14;33.33%;1.01
2024-10-01;115;91;00:01:09;38.38%;1.16
2024-10-02;95;68;00:02:03;41.98%;1.17
2024-10-03;95;82;00:01:34;34.48%;1.09
2024-10-04;71;54;00:01:34;38.33%;1.18
2024-10-05;70;55;00:01:23;30.00%;1.17
2024-10-06;120;92;00:01:16;35.35%;1.21
2024-10-07;140;103;00:01:41;38.26%;1.22
2024-10-08;122;106;00:01:27;38.18%;1.11
2024-10-09;94;83;00:01:34;33.70%;1.02
2024-10-10;85;69;00:01:59;25.64%;1.09
2024-10-11;51;38;00:01:30;33.33%;1.21
2024-10-12;70;52;00:01:00;25.00%;1.25
2024-10-13;116;91;00:02:20;37.25%;1.14
2024-10-14;123;102;00:01:51;38.05%;1.09
2024-10-15;97;79;00:01:53;38.20%;1.09
2024-10-16;109;99;00:01:33;32.69%;1.05
2024-10-17;118;92;00:01:09;42.06%;1.1
2024-10-18;90;74;00:01:20;27.50%;1.13
2024-10-19;81;70;00:01:20;29.33%;1.08
2024-10-20;95;74;00:01:10;39.76%;1.14
2024-10-21;127;101;00:01:56;31.15%;1.04
2024-10-22;99;81;00:01:32;44.68%;1.05
2024-10-23;102;82;00:01:27;29.67%;1.12
2024-10-24;106;91;00:01:31;38.46%;1.02
2024-10-25;89;72;00:01:08;45.98%;1.02
2024-10-26;81;61;00:01:47;37.68%;1.17
2024-10-27;112;78;00:01:35;39.77%;1.27
2024-10-28;117;92;00:01:38;26.26%;1.18
2024-10-29;112;96;00:01:21;27.62%;1.07
2024-10-30;104;92;00:01:43;30.10%;1.01
2024-10-31;100;87;00:01:31;44.90%;1.02
2024-11-01;64;53;00:00:54;43.64%;1.16
2024-11-02;94;62;00:01:17;37.68%;1.36
2024-11-03;100;91;00:00:51;43.16%;1.05
2024-11-04;146;128;00:01:12;42.55%;1.04
2024-11-05;123;101;00:01:40;37.72%;1.08
2024-11-06;110;100;00:01:23;38.89%;1.02
2024-11-07;144;102;00:00:51;40.71%;1.27
2024-11-08;119;95;00:01:18;45.95%;1.07
2024-11-09;76;72;00:00:52;46.15%;0.97
2024-11-10;104;95;00:00:58;42.31%;1
2024-11-11;128;112;00:01:44;35.71%;1.02
2024-11-12;136;109;00:01:06;43.09%;1.11
2024-11-13;112;89;00:00:56;38.38%;1.13
2024-11-14;118;100;00:01:13;44.95%;1.08
2024-11-15;101;89;00:01:36;41.30%;1.1
2024-11-16;71;62;00:01:19;42.19%;1.11
2024-11-17;139;81;00:01:21;35.63%;1.6
2024-11-18;84;65;00:01:51;43.84%;1.15
2024-11-19;58;37;00:00:55;56.52%;1.26
2024-11-20;47;37;00:01:14;44.19%;1.09
2024-11-21;69;45;00:01:21;46.55%;1.19
2024-11-22;46;38;00:01:16;55.00%;1.15
2024-11-23;56;36;00:01:23;47.62%;1.33
2024-11-24;49;38;00:03:08;54.76%;1.17
2024-11-25;85;55;00:01:20;40.30%;1.27
2024-11-26;68;47;00:01:42;36.21%;1.17
2024-11-27;66;38;00:01:11;44.00%;1.32
2024-11-28;110;85;00:01:33;43.43%;1.11
2024-11-29;114;91;00:01:13;46.23%;1.08
2024-11-30;57;46;00:01:44;37.74%;1.08
2024-12-01;95;69;00:01:43;26.74%;1.1
2024-12-02;111;85;00:01:26;34.31%;1.09
2024-12-03;95;74;00:01:38;31.82%;1.08
2024-12-04;107;89;00:01:20;28.42%;1.13
2024-12-05;76;66;00:01:06;39.73%;1.04
2024-12-06;88;68;00:01:36;29.73%;1.19
2024-12-07;60;47;00:01:16;31.58%;1.05
2024-12-08;83;66;00:01:00;34.25%;1.14
2024-12-09;105;80;00:01:42;35.56%;1.17
2024-12-10;99;81;00:01:04;38.04%;1.08
2024-12-11;78;67;00:01:32;26.67%;1.04
2024-12-12;92;78;00:01:02;39.53%;1.07
2024-12-13;102;76;00:01:35;34.78%;1.11
2024-12-14;119;93;00:01:31;34.26%;1.1
2024-12-15;110;97;00:01:06;41.90%;1.05
2024-12-16;147;121;00:01:13;38.64%;1.11
2024-12-17;125;107;00:01:04;39.13%;1.09
2024-12-18;132;109;00:01:20;36.51%;1.05
2024-12-19;123;95;00:01:35;35.24%;1.17
2024-12-20;102;85;00:01:19;34.74%;1.07
2024-12-21;102;71;00:01:09;39.53%;1.19
2024-12-22;102;87;00:01:51;29.35%;1.11
2024-12-23;90;70;00:01:45;39.74%;1.15
2024-12-24;92;62;00:01:12;43.59%;1.18
2024-12-25;89;72;00:01:16;39.24%;1.13
2024-12-26;120;82;00:01:28;37.25%;1.18
2024-12-27;140;102;00:01:44;35.34%;1.21
2024-12-28;99;90;00:02:07;37.37%;1
2024-12-29;124;100;00:01:18;36.97%;1.04
2024-12-30;83;67;00:01:51;28.57%;1.08
2024-12-31;68;65;00:01:27;34.29%;0.97
2025-01-01;83;73;00:02:04;36.14%;1
2025-01-02;93;76;00:01:26;32.56%;1.08
2025-01-03;109;81;00:01:42;30.34%;1.22
2025-01-04;77;68;00:01:37;35.37%;0.94
2025-01-05;328;272;00:01:58;32.66%;1.1
2025-01-06;131;115;00:01:35;31.78%;1.02
2025-01-07;191;155;00:01:45;33.53%;1.1
2025-01-08;142;116;00:01:56;34.29%;1.01
2025-01-09;140;111;00:01:15;34.85%;1.06
2025-01-10;106;93;00:01:10;36.00%;1.06
2025-01-11;108;84;00:02:14;29.17%;1.13
2025-01-12;164;117;00:02:11;25.00%;1.24
2025-01-13;112;87;00:01:38;28.13%;1.17
2025-01-14;128;115;00:01:44;29.03%;1.03
2025-01-15;127;106;00:01:44;25.62%;1.05
2025-01-16;100;88;00:02:00;36.46%;1.04
2025-01-17;83;78;00:01:37;38.55%;1
2025-01-18;63;56;00:01:55;37.10%;1.02
2025-01-19;119;93;00:02:28;23.81%;1.13
2025-01-20;150;115;00:01:57;29.85%;1.12
2025-01-21;130;105;00:01:21;35.25%;1.07
2025-01-22;117;99;00:01:29;32.73%;1.06
2025-01-23;108;91;00:01:50;31.25%;1.13
2025-01-24;137;105;00:02:04;31.58%;1.2
2025-01-25;105;86;00:01:43;33.67%;1.07
2025-01-26;97;75;00:01:37;36.47%;1.14
2025-01-27;105;95;00:01:55;42.06%;0.98
2025-01-28;104;92;00:00:53;34.95%;1.01
2025-01-29;92;74;00:01:30;24.05%;1.16
2025-01-30;92;80;00:01:23;32.18%;1.06
2025-01-31;62;57;00:01:25;36.51%;0.98
2025-02-01;82;71;00:01:37;32.47%;1.06
2025-02-02;87;70;00:01:14;33.75%;1.09
2025-02-03;129;116;00:01:17;31.54%;0.99
2025-02-04;104;94;00:01:25;35.29%;1.02
2025-02-05;105;90;00:01:58;34.95%;1.02
2025-02-06;99;75;00:01:26;35.23%;1.13
2025-02-07;99;87;00:01:08;40.63%;1.03
2025-02-08;80;64;00:01:12;36.00%;1.07
2025-02-09;107;83;00:01:22;28.26%;1.16
2025-02-10;113;95;00:01:44;28.43%;1.11
2025-02-11;109;98;00:01:29;29.25%;1.03
2025-02-12;108;84;00:01:27;24.44%;1.2
2025-02-13;91;77;00:01:41;28.05%;1.11
2025-02-14;88;72;00:02:22;34.94%;1.06
2025-02-15;69;57;00:01:32;31.75%;1.1
2025-02-16;109;91;00:01:14;36.00%;1.09
2025-02-17;123;100;00:01:41;30.19%;1.16
2025-02-18;104;89;00:01:24;31.25%;1.08
2025-02-19;101;87;00:00:52;40.82%;1.03
2025-02-20;104;90;00:01:18;32.00%;1.04
2025-02-21;95;82;00:02:04;26.88%;1.02
2025-02-22;53;46;00:01:47;27.08%;1.1
2025-02-23;89;75;00:01:54;35.37%;1.09
2025-02-24;98;92;00:01:13;34.65%;0.97
2025-02-25;97;91;00:01:42;34.02%;1
2025-02-26;139;119;00:01:22;31.11%;1.03
2025-02-27;131;111;00:01:28;28.68%;1.02
2025-02-28;89;76;00:01:00;39.53%;1.03
2025-03-01;78;65;00:01:25;34.29%;1.11
2025-03-02;55;54;00:01:29;36.67%;0.92
2025-03-03;99;82;00:01:26;30.77%;1.09
2025-03-04;106;83;00:01:42;33.33%;1.07
2025-03-05;105;88;00:01:25;31.96%;1.08
2025-03-06;111;89;00:01:32;37.74%;1.05
2025-03-07;84;69;00:01:21;39.47%;1.11
2025-03-08;54;51;00:01:09;37.74%;1.02
2025-03-09;83;70;00:01:08;34.62%;1.06
2025-03-10;122;100;00:01:15;34.51%;1.08
2025-03-11;124;105;00:01:13;35.04%;1.06
2025-03-12;95;84;00:01:06;40.63%;0.99
2025-03-13;99;78;00:01:13;44.21%;1.04
2025-03-14;78;66;00:01:43;27.78%;1.08
2025-03-15;51;47;00:01:50;35.19%;0.94
2025-03-16;76;72;00:01:58;32.43%;1.03
2025-03-17;82;73;00:01:41;32.94%;0.96
2025-03-18;73;62;00:01:26;26.47%;1.07
2025-03-19;80;66;00:01:46;25.00%;1.05
2025-03-20;88;76;00:01:31;36.05%;1.02
2025-03-21;77;63;00:00:50;47.89%;1.08
2025-03-22;71;60;00:01:26;34.29%;1.01
2025-03-24;100;80;00:02:09;39.36%;1.06
2025-03-25;88;64;00:01:59;26.67%;1.17
2025-03-26;80;73;00:01:42;29.11%;1.01
2025-03-27;95;79;00:01:36;27.91%;1.1
2025-03-28;70;60;00:01:19;44.44%;0.97
2025-03-29;49;40;00:00:58;35.56%;1.09
2025-03-30;51;45;00:01:21;40.00%;1.02
2025-03-31;85;60;00:01:41;23.53%;1.25
2025-04-01;79;62;00:01:26;38.36%;1.08
2025-04-02;82;72;00:01:34;34.18%;1.04
2025-04-03;72;63;00:01:06;39.71%;1.06
2025-04-04;81;64;00:01:21;32.47%;1.05
2025-04-05;55;45;00:01:01;50.00%;1.06
2025-04-06;66;57;00:00:55;38.10%;1.05
2025-04-07;87;76;00:01:19;37.65%;1.02
2025-04-08;70;59;00:01:23;31.82%;1.06
2025-04-09;114;89;00:01:52;28.71%;1.13
2025-04-10;104;69;00:02:03;31.25%;1.3
2025-04-11;73;58;00:02:53;28.57%;1.16
2025-04-12;51;40;00:01:05;22.50%;1.28
2025-04-13;75;62;00:02:00;32.86%;1.07
2025-04-14;74;62;00:01:30;39.13%;1.07
2025-04-15;87;67;00:01:36;31.65%;1.1
2025-04-16;67;58;00:01:48;24.24%;1.02
2025-04-17;60;54;00:01:50;40.98%;0.98
2025-04-18;47;45;00:01:50;36.96%;1.02
2025-04-19;56;52;00:01:42;37.04%;1.04
2025-04-20;71;60;00:01:49;31.34%;1.06
2025-04-21;79;70;00:01:40;30.38%;1
2025-04-22;94;86;00:02:18;33.33%;0.98
2025-04-23;96;75;00:01:25;32.61%;1.04
2025-04-24;79;67;00:01:23;45.57%;1
2025-04-25;81;61;00:02:00;36.00%;1.08
2025-04-26;65;49;00:02:05;36.21%;1.12
2025-04-27;57;55;00:01:08;31.58%;1
2025-04-28;82;66;00:01:23;45.95%;1.11
2025-04-29;114;95;00:02:05;31.07%;1.11
2025-04-30;69;58;00:01:54;33.85%;1.06
2025-05-01;68;61;00:01:30;38.03%;0.96
2025-05-02;67;55;00:01:46;19.35%;1.08
2025-05-03;43;39;00:01:11;48.72%;1.1
2025-05-04;87;71;00:01:33;26.92%;1.12
2025-05-05;82;70;00:01:11;32.00%;1.09
2025-05-06;87;73;00:01:45;36.47%;1.02
2025-05-07;78;71;00:01:37;24.36%;1
2025-05-08;107;88;00:01:41;34.91%;1.01
2025-05-09;68;57;00:01:19;35.82%;1.01
2025-05-10;50;48;00:02:00;28.07%;0.88
2025-05-11;67;59;00:01:34;33.33%;1.06
2025-05-12;71;56;00:02:11;22.22%;1.13
2025-05-13;92;76;00:01:07;38.64%;1.05
2025-05-14;76;65;00:01:36;30.00%;1.09
2025-05-15;83;72;00:01:16;34.57%;1.02
2025-05-16;82;67;00:01:06;33.33%;1.14
2025-05-17;49;39;00:02:06;18.60%;1.14
2025-05-18;65;51;00:01:12;37.93%;1.12
2025-05-19;91;79;00:01:39;41.30%;0.99
2025-05-20;86;72;00:01:47;26.58%;1.09
2025-05-21;83;72;00:02:07;33.77%;1.08
2025-05-22;86;76;00:01:54;40.00%;1.01
2025-05-23;70;56;00:01:10;32.79%;1.15
2025-05-24;47;41;00:02:00;11.63%;1.09
2025-05-25;53;47;00:01:04;32.08%;1
2025-05-26;123;97;00:01:14;31.78%;1.15
2025-05-27;91;82;00:01:43;32.97%;1
2025-05-28;50;44;00:00:58;36.17%;1.06
2025-05-29;49;48;00:01:24;27.45%;0.96
2025-05-30;63;46;00:02:00;37.04%;1.17
2025-05-31;53;44;00:01:28;34.62%;1.02
2025-06-01;53;44;00:01:34;29.51%;1.07
2025-06-02;80;65;00:02:12;23.61%;1.11
2025-06-03;95;77;00:01:35;30.59%;1.12
2025-06-04;94;74;00:02:12;30.34%;1.06
2025-06-05;102;77;00:01:16;33.70%;1.11
2025-06-06;72;55;00:02:03;39.71%;1.06
2025-06-07;69;57;00:01:33;42.19%;1.08
2025-06-08;49;44;00:01:53;32.69%;0.94
2025-06-09;77;61;00:02:09;26.09%;1.12
2025-06-10;95;71;00:01:18;38.55%;1.14
2025-06-11;78;62;00:01:11;33.33%;1.13
2025-06-12;81;79;00:01:19;40.24%;0.99
2025-06-13;67;54;00:00:59;42.62%;1.1
2025-06-14;50;45;00:01:59;29.41%;0.98
2025-06-15;57;49;00:01:44;22.64%;1.08
2025-06-16;66;59;00:01:09;35.29%;0.97
2025-06-17;82;68;00:01:26;30.26%;1.08
2025-06-18;79;67;00:02:18;34.62%;1.01
2025-06-19;72;61;00:01:20;32.31%;1.11
2025-06-20;59;48;00:01:03;37.74%;1.11
2025-06-21;59;48;00:01:40;27.78%;1.09
2025-06-22;65;45;00:01:50;38.18%;1.18
2025-06-23;103;79;00:01:56;42.55%;1.1
2025-06-24;86;77;00:01:09;36.05%;1
2025-06-25;80;69;00:01:49;32.89%;1.05
2025-06-26;75;66;00:01:53;37.84%;1.01
2025-06-27;70;62;00:00:57;39.71%;1.03
2025-06-28;81;72;00:01:00;40.51%;1.03
2025-06-29;89;60;00:02:04;27.54%;1.29
2025-06-30;88;71;00:01:19;42.70%;0.99
2025-07-01;59;54;00:01:07;70.69%;1.02
