Date,Home,Product A,Blog Post 1,Contact Us,Pricing
2025-05-22,480,284,940,503,621
2025-05-23,932,456,387,173,646
2025-05-24,102,682,210,588,128
2025-05-25,130,924,101,542,648
2025-05-26,753,245,108,403,405
2025-05-27,156,331,957,508,389
2025-05-28,492,793,149,550,929
2025-05-29,414,359,627,777,188
2025-05-30,983,410,473,858,985
2025-05-31,837,298,340,137,361
2025-06-01,330,612,698,142,337
2025-06-02,182,268,676,137,786
2025-06-03,304,251,750,937,869
2025-06-04,673,584,807,544,407
2025-06-05,291,354,383,779,752
2025-06-06,462,468,363,428,789
2025-06-07,432,223,564,352,210
2025-06-08,992,789,711,832,969
2025-06-09,911,661,936,305,587
2025-06-10,173,148,375,977,445
2025-06-11,558,957,875,366,694
2025-06-12,387,892,969,373,897
2025-06-13,768,750,151,409,927
2025-06-14,331,537,795,931,106
2025-06-15,552,943,613,854,971
2025-06-16,229,110,497,598,110
2025-06-17,993,882,839,460,425
2025-06-18,162,238,428,912,566
2025-06-19,702,674,700,906,191
2025-06-20,534,425,786,618,234
