Date,PageTitle,Visits
2025-05-22,Home,873
2025-05-22,Product A,341
2025-05-22,Blog Post 1,833
2025-05-22,Contact Us,916
2025-05-22,Pricing,314
2025-05-23,Home,345
2025-05-23,Product A,658
2025-05-23,Blog Post 1,807
2025-05-23,Contact Us,351
2025-05-23,Pricing,679
2025-05-24,Home,412
2025-05-24,Product A,816
2025-05-24,Blog Post 1,791
2025-05-24,Contact Us,377
2025-05-24,Pricing,108
2025-05-25,Home,935
2025-05-25,Product A,296
2025-05-25,Blog Post 1,105
2025-05-25,Contact Us,395
2025-05-25,Pricing,283
2025-05-26,Home,761
2025-05-26,Product A,260
2025-05-26,Blog Post 1,399
2025-05-26,Contact Us,478
2025-05-26,Pricing,227
2025-05-27,Home,404
2025-05-27,Product A,309
2025-05-27,Blog Post 1,973
2025-05-27,Contact Us,702
2025-05-27,Pricing,900
2025-05-28,Home,593
2025-05-28,Product A,300
2025-05-28,Blog Post 1,897
2025-05-28,Contact Us,301
2025-05-28,Pricing,824
2025-05-29,Home,871
2025-05-29,Product A,680
2025-05-29,Blog Post 1,124
2025-05-29,Contact Us,651
2025-05-29,Pricing,441
2025-05-30,Home,461
2025-05-30,Product A,622
2025-05-30,Blog Post 1,688
2025-05-30,Contact Us,184
2025-05-30,Pricing,980
2025-05-31,Home,113
2025-05-31,Product A,642
2025-05-31,Blog Post 1,827
2025-05-31,Contact Us,736
2025-05-31,Pricing,349
2025-06-01,Home,767
2025-06-01,Product A,833
2025-06-01,Blog Post 1,412
2025-06-01,Contact Us,368
2025-06-01,Pricing,342
2025-06-02,Home,458
2025-06-02,Product A,610
2025-06-02,Blog Post 1,862
2025-06-02,Contact Us,226
2025-06-02,Pricing,328
2025-06-03,Home,604
2025-06-03,Product A,865
2025-06-03,Blog Post 1,273
2025-06-03,Contact Us,455
2025-06-03,Pricing,466
2025-06-04,Home,155
2025-06-04,Product A,985
2025-06-04,Blog Post 1,218
2025-06-04,Contact Us,773
2025-06-04,Pricing,880
2025-06-05,Home,428
2025-06-05,Product A,810
2025-06-05,Blog Post 1,826
2025-06-05,Contact Us,151
2025-06-05,Pricing,807
2025-06-06,Home,885
2025-06-06,Product A,553
2025-06-06,Blog Post 1,385
2025-06-06,Contact Us,213
2025-06-06,Pricing,202
2025-06-07,Home,877
2025-06-07,Product A,417
2025-06-07,Blog Post 1,749
2025-06-07,Contact Us,171
2025-06-07,Pricing,997
2025-06-08,Home,654
2025-06-08,Product A,208
2025-06-08,Blog Post 1,393
2025-06-08,Contact Us,680
2025-06-08,Pricing,417
2025-06-09,Home,153
2025-06-09,Product A,398
2025-06-09,Blog Post 1,241
2025-06-09,Contact Us,317
2025-06-09,Pricing,201
2025-06-10,Home,158
2025-06-10,Product A,366
2025-06-10,Blog Post 1,895
2025-06-10,Contact Us,441
2025-06-10,Pricing,734
2025-06-11,Home,314
2025-06-11,Product A,964
2025-06-11,Blog Post 1,243
2025-06-11,Contact Us,956
2025-06-11,Pricing,639
2025-06-12,Home,336
2025-06-12,Product A,547
2025-06-12,Blog Post 1,822
2025-06-12,Contact Us,944
2025-06-12,Pricing,901
2025-06-13,Home,170
2025-06-13,Product A,324
2025-06-13,Blog Post 1,587
2025-06-13,Contact Us,296
2025-06-13,Pricing,378
2025-06-14,Home,727
2025-06-14,Product A,931
2025-06-14,Blog Post 1,669
2025-06-14,Contact Us,336
2025-06-14,Pricing,283
2025-06-15,Home,876
2025-06-15,Product A,611
2025-06-15,Blog Post 1,622
2025-06-15,Contact Us,255
2025-06-15,Pricing,962
2025-06-16,Home,214
2025-06-16,Product A,814
2025-06-16,Blog Post 1,478
2025-06-16,Contact Us,414
2025-06-16,Pricing,880
2025-06-17,Home,681
2025-06-17,Product A,826
2025-06-17,Blog Post 1,854
2025-06-17,Contact Us,204
2025-06-17,Pricing,913
2025-06-18,Home,148
2025-06-18,Product A,675
2025-06-18,Blog Post 1,292
2025-06-18,Contact Us,318
2025-06-18,Pricing,165
2025-06-19,Home,547
2025-06-19,Product A,395
2025-06-19,Blog Post 1,735
2025-06-19,Contact Us,938
2025-06-19,Pricing,601
2025-06-20,Home,446
2025-06-20,Product A,141
2025-06-20,Blog Post 1,550
2025-06-20,Contact Us,230
2025-06-20,Pricing,889
