datum;kategorie;wert
2022-03-12;desktop;93
2022-03-13;desktop;9
2022-03-14;desktop;610
2022-03-15;desktop;1.381
2022-03-16;desktop;114
2022-03-17;desktop;725
2022-03-17;mobile;4
2022-03-18;desktop;4
2022-03-20;desktop;324
2022-03-21;desktop;1.541
2022-03-21;mobile;6
2022-03-22;desktop;1.839
2022-03-23;desktop;1.675
2022-03-23;mobile;238
2022-03-24;desktop;1.648
2022-03-25;desktop;555
2022-03-29;desktop;352
2022-03-29;mobile;15
2022-03-30;desktop;82
2022-03-30;mobile;8
2022-03-31;desktop;9
2022-04-11;desktop;28
2022-04-12;desktop;2
2022-04-22;desktop;30
2022-04-25;desktop;112
2022-04-26;desktop;1
2022-05-09;desktop;260
2022-05-09;mobile;23
2022-05-10;desktop;0
2022-05-11;desktop;207
2022-05-11;mobile;132
2022-05-12;desktop;150
2022-05-12;mobile;2
2022-05-13;desktop;163
2022-05-13;mobile;12
2022-05-15;desktop;92
2022-05-15;mobile;33
2022-05-15;tablet;8
2022-05-16;mobile;116
2022-05-16;desktop;74
2022-05-16;tablet;16
2022-05-17;desktop;141
2022-05-17;mobile;95
2022-05-18;mobile;88
2022-05-18;desktop;47
2022-05-18;tablet;1
2022-05-19;mobile;64
2022-05-19;desktop;57
2022-05-20;desktop;136
2022-05-20;mobile;52
2022-05-21;mobile;28
2022-05-21;desktop;19
2022-05-22;mobile;136
2022-05-22;desktop;4
2022-05-22;tablet;3
2022-05-23;mobile;80
2022-05-23;desktop;34
2022-05-23;tablet;1
2022-05-24;mobile;116
2022-05-24;desktop;77
2022-05-25;desktop;86
2022-05-25;mobile;51
2022-05-25;tablet;1
2022-05-26;mobile;196
2022-05-26;desktop;37
2022-05-28;mobile;119
2022-05-28;desktop;18
2022-05-29;mobile;108
2022-05-29;desktop;33
2022-05-30;desktop;35
2022-05-30;mobile;32
2022-05-31;mobile;86
2022-05-31;desktop;8
2022-06-01;mobile;50
2022-06-01;desktop;40
2022-06-02;desktop;114
2022-06-02;mobile;60
2022-06-03;mobile;26
2022-06-03;desktop;5
2022-06-03;tablet;1
2022-06-04;mobile;83
2022-06-04;desktop;29
2022-06-05;mobile;100
2022-06-05;desktop;20
2022-06-05;tablet;9
2022-06-06;mobile;60
2022-06-06;desktop;35
2022-06-07;mobile;105
2022-06-07;desktop;78
2022-06-07;tablet;1
2022-06-08;desktop;21
2022-06-08;mobile;12
2022-06-09;desktop;39
2022-06-09;mobile;16
2022-06-10;mobile;74
2022-06-10;desktop;70
2022-06-10;tablet;10
2022-06-11;mobile;37
2022-06-11;desktop;13
2022-06-12;mobile;57
2022-06-12;desktop;3
2022-06-13;desktop;90
2022-06-13;mobile;19
2022-06-13;tablet;2
2022-06-15;mobile;94
2022-06-15;desktop;41
2022-06-17;desktop;22
2022-06-17;mobile;21
2022-06-18;mobile;57
2022-06-18;desktop;12
2022-06-19;desktop;42
2022-06-19;tablet;17
2022-06-19;mobile;14
2022-06-20;mobile;49
2022-06-20;desktop;13
2022-06-21;desktop;58
2022-06-21;mobile;27
2022-06-22;mobile;66
2022-06-22;desktop;7
2022-06-23;mobile;24
2022-06-23;desktop;19
2022-06-24;mobile;94
2022-06-24;desktop;44
2022-06-25;mobile;11
2022-06-25;desktop;9
2022-06-26;mobile;35
2022-06-26;desktop;16
2022-06-27;mobile;88
2022-06-27;desktop;79
2022-06-28;desktop;17
2022-06-28;mobile;15
2022-06-29;desktop;26
2022-06-29;mobile;18
2022-06-30;desktop;11
2022-06-30;mobile;6
2022-07-01;mobile;55
2022-07-01;desktop;14
2022-07-02;desktop;33
2022-07-02;mobile;28
2022-07-03;mobile;28
2022-07-03;desktop;7
2022-07-05;mobile;2
2022-07-05;desktop;1
2022-07-06;desktop;98
2022-07-06;mobile;13
2022-07-07;mobile;41
2022-07-07;desktop;13
2022-07-08;mobile;20
2022-07-08;desktop;7
2022-07-09;mobile;24
2022-07-09;desktop;6
2022-07-10;mobile;60
2022-07-10;desktop;14
2022-07-11;desktop;108
2022-07-11;mobile;1
2022-07-12;desktop;125
2022-07-12;mobile;105
2022-07-13;desktop;147
2022-07-13;mobile;63
2022-07-13;tablet;8
2022-07-14;desktop;18
2022-07-14;mobile;17
2022-07-15;mobile;27
2022-07-15;desktop;25
2022-07-16;mobile;63
2022-07-16;desktop;34
2022-07-16;tablet;11
2022-07-17;mobile;39
2022-07-17;desktop;16
2022-07-18;desktop;109
2022-07-18;mobile;106
2022-07-18;tablet;1
2022-07-19;mobile;104
2022-07-19;desktop;76
2022-07-20;desktop;44
2022-07-20;mobile;34
2022-07-21;mobile;35
2022-07-21;desktop;33
2022-07-21;tablet;1
2022-07-22;desktop;23
2022-07-22;mobile;20
2022-07-23;mobile;31
2022-07-23;desktop;7
2022-07-24;desktop;46
2022-07-24;mobile;32
2022-07-25;desktop;200
2022-07-25;mobile;27
2022-07-26;mobile;92
2022-07-26;desktop;44
2022-07-26;tablet;10
2022-07-27;desktop;95
2022-07-27;mobile;93
2022-07-28;mobile;49
2022-07-28;desktop;3
2022-07-29;desktop;15
2022-07-29;mobile;8
2022-07-30;desktop;365
2022-07-30;mobile;17
2022-07-31;desktop;17
2022-07-31;mobile;11
2022-08-01;mobile;34
2022-08-01;desktop;7
2022-08-02;mobile;48
2022-08-02;desktop;2
2022-08-03;desktop;179
2022-08-03;mobile;10
2022-08-04;desktop;32
2022-08-04;mobile;28
2022-08-05;desktop;91
2022-08-05;mobile;24
2022-08-05;tablet;2
2022-08-06;mobile;19
2022-08-06;desktop;9
2022-08-07;desktop;57
2022-08-07;mobile;23
2022-08-08;desktop;64
2022-08-08;mobile;51
2022-08-09;mobile;31
2022-08-09;desktop;19
2022-08-10;mobile;50
2022-08-10;desktop;38
2022-08-11;desktop;164
2022-08-11;mobile;39
2022-08-12;desktop;62
2022-08-12;mobile;5
2022-08-13;mobile;20
2022-08-13;desktop;5
2022-08-14;mobile;30
2022-08-14;desktop;22
2022-08-15;desktop;50
2022-08-15;mobile;36
2022-08-15;tablet;1
2022-08-16;desktop;21
2022-08-16;mobile;21
2022-08-17;mobile;29
2022-08-17;desktop;17
2022-08-18;mobile;84
2022-08-18;desktop;12
2022-08-19;desktop;26
2022-08-19;mobile;11
2022-08-20;mobile;28
2022-08-20;desktop;12
2022-08-21;mobile;53
2022-08-21;desktop;14
2022-08-21;tablet;1
2022-08-22;desktop;36
2022-08-22;mobile;22
2022-08-23;mobile;6
2022-08-23;desktop;4
2022-08-24;desktop;79
2022-08-24;mobile;64
2022-08-25;mobile;30
2022-08-25;desktop;2
2022-08-26;desktop;26
2022-08-26;mobile;17
2022-08-27;mobile;59
2022-08-28;mobile;56
2022-08-28;desktop;48
2022-08-28;tablet;1
2022-08-29;desktop;44
2022-08-29;mobile;14
2022-08-30;mobile;83
2022-08-30;desktop;25
2022-08-31;desktop;6
2022-08-31;mobile;3
2022-09-01;desktop;214
2022-09-01;mobile;67
2022-09-02;mobile;77
2022-09-02;desktop;47
2022-09-03;mobile;19
2022-09-03;desktop;9
2022-09-04;desktop;26
2022-09-04;mobile;6
2022-09-05;desktop;15
2022-09-05;mobile;10
2022-09-05;tablet;5
2022-09-06;desktop;28
2022-09-06;mobile;25
2022-09-07;desktop;53
2022-09-08;desktop;74
2022-09-08;mobile;33
2022-09-08;tablet;24
2022-09-09;mobile;27
2022-09-09;desktop;14
2022-09-10;mobile;41
2022-09-10;desktop;6
2022-09-11;desktop;45
2022-09-11;mobile;13
2022-09-12;desktop;49
2022-09-12;mobile;30
2022-09-13;desktop;124
2022-09-13;tablet;83
2022-09-13;mobile;18
2022-09-14;desktop;113
2022-09-14;mobile;68
2022-09-15;desktop;69
2022-09-15;mobile;44
2022-09-15;tablet;4
2022-09-16;mobile;44
2022-09-16;desktop;22
2022-09-17;mobile;30
2022-09-17;desktop;7
2022-09-18;mobile;44
2022-09-18;desktop;20
2022-09-19;desktop;31
2022-09-19;mobile;11
2022-09-20;desktop;38
2022-09-20;mobile;5
2022-09-21;mobile;88
2022-09-21;desktop;7
2022-09-22;desktop;35
2022-09-22;mobile;27
2022-09-22;tablet;1
2022-09-23;desktop;57
2022-09-23;mobile;22
2022-09-24;mobile;7
2022-09-24;desktop;5
2022-09-25;desktop;18
2022-09-25;mobile;3
2022-09-26;desktop;115
2022-09-26;mobile;52
2022-09-27;desktop;184
2022-09-27;mobile;57
2022-09-28;desktop;29
2022-09-28;mobile;15
2022-09-29;desktop;38
2022-09-29;mobile;36
2022-09-30;desktop;119
2022-09-30;mobile;45
2022-10-01;mobile;56
2022-10-01;desktop;8
2022-10-02;tablet;32
2022-10-02;mobile;20
2022-10-02;desktop;15
2022-10-03;mobile;37
2022-10-03;desktop;9
2022-10-04;mobile;113
2022-10-04;desktop;88
2022-10-05;desktop;97
2022-10-05;mobile;84
2022-10-06;mobile;111
2022-10-06;desktop;106
2022-10-07;desktop;103
2022-10-07;mobile;67
2022-10-08;mobile;95
2022-10-08;desktop;27
2022-10-09;mobile;122
2022-10-09;desktop;115
2022-10-10;mobile;192
2022-10-10;desktop;114
2022-10-10;tablet;9
2022-10-11;mobile;220
2022-10-11;desktop;162
2022-10-12;desktop;178
2022-10-12;mobile;77
2022-10-12;tablet;1
2022-10-14;desktop;172
2022-10-14;mobile;52
2022-10-14;tablet;4
2022-10-15;desktop;49
2022-10-15;mobile;46
2022-10-16;mobile;78
2022-10-16;desktop;50
2022-10-17;mobile;78
2022-10-17;desktop;61
2022-10-17;tablet;2
2022-10-18;desktop;66
2022-10-18;mobile;52
2022-10-19;desktop;66
2022-10-19;mobile;34
2022-10-20;desktop;43
2022-10-20;mobile;18
2022-10-21;mobile;37
2022-10-21;desktop;13
2022-10-22;desktop;65
2022-10-22;mobile;17
2022-10-23;mobile;103
2022-10-23;desktop;53
2022-10-24;desktop;67
2022-10-24;mobile;29
2022-10-24;tablet;3
2022-10-26;desktop;118
2022-10-26;mobile;46
2022-10-28;mobile;37
2022-10-28;desktop;15
2022-10-29;mobile;39
2022-10-29;desktop;8
2022-10-30;mobile;35
2022-10-30;desktop;32
2022-10-31;mobile;63
2022-10-31;desktop;30
2022-11-01;desktop;93
2022-11-01;mobile;35
2022-11-02;desktop;57
2022-11-02;mobile;49
2022-11-03;desktop;376
2022-11-03;mobile;12
2022-11-03;tablet;7
2022-11-04;desktop;120
2022-11-04;mobile;40
2022-11-05;mobile;27
2022-11-05;desktop;13
2022-11-06;tablet;26
2022-11-06;mobile;19
2022-11-06;desktop;8
2022-11-07;desktop;278
2022-11-07;mobile;21
2022-11-08;desktop;109
2022-11-08;mobile;66
2022-11-08;tablet;27
2022-11-09;desktop;142
2022-11-09;mobile;88
2022-11-10;desktop;77
2022-11-10;mobile;57
2022-11-11;mobile;131
2022-11-11;desktop;93
2022-11-12;mobile;62
2022-11-12;desktop;17
2022-11-13;mobile;86
2022-11-13;desktop;13
2022-11-13;tablet;3
2022-11-14;mobile;56
2022-11-14;desktop;44
2022-11-14;tablet;1
2022-11-15;desktop;225
2022-11-15;mobile;46
2022-11-15;tablet;1
2022-11-16;desktop;45
2022-11-16;mobile;42
2022-11-17;mobile;71
2022-11-17;desktop;55
2022-11-18;desktop;16
2022-11-18;mobile;13
2022-11-19;mobile;25
2022-11-19;desktop;21
2022-11-20;desktop;31
2022-11-20;mobile;6
2022-11-21;desktop;74
2022-11-21;mobile;40
2022-11-22;mobile;52
2022-11-22;desktop;20
2022-11-23;desktop;33
2022-11-23;mobile;10
2022-11-24;desktop;45
2022-11-24;mobile;33
2022-11-25;mobile;45
2022-11-25;desktop;4
2022-11-26;mobile;50
2022-11-26;tablet;25
2022-11-27;mobile;58
2022-11-27;desktop;32
2022-11-27;tablet;2
2022-11-28;desktop;102
2022-11-28;mobile;48
2022-11-29;desktop;164
2022-11-29;mobile;10
2022-11-30;desktop;102
2022-11-30;mobile;52
2022-12-01;desktop;68
2022-12-01;mobile;21
2022-12-02;desktop;44
2022-12-02;mobile;14
2022-12-03;mobile;13
2022-12-03;desktop;9
2022-12-04;desktop;71
2022-12-04;mobile;50
2022-12-05;desktop;84
2022-12-05;mobile;25
2022-12-06;desktop;147
2022-12-06;mobile;56
2022-12-06;tablet;1
2022-12-07;mobile;39
2022-12-07;desktop;25
2022-12-08;desktop;47
2022-12-08;mobile;9
2022-12-09;mobile;23
2022-12-09;desktop;20
2022-12-10;mobile;31
2022-12-10;desktop;12
2022-12-11;desktop;54
2022-12-11;mobile;14
2022-12-12;desktop;306
2022-12-12;mobile;46
2022-12-13;desktop;111
2022-12-13;mobile;22
2022-12-14;desktop;275
2022-12-14;mobile;56
2022-12-15;desktop;232
2022-12-15;mobile;21
2022-12-16;desktop;128
2022-12-16;mobile;18
2022-12-17;desktop;63
2022-12-17;mobile;17
2022-12-18;mobile;27
2022-12-18;desktop;15
2022-12-19;desktop;132
2022-12-19;mobile;79
2022-12-20;desktop;87
2022-12-20;mobile;49
2022-12-20;tablet;1
2022-12-21;mobile;41
2022-12-21;desktop;34
2022-12-22;desktop;17
2022-12-22;mobile;14
2022-12-23;mobile;42
2022-12-23;desktop;28
2022-12-24;mobile;13
2022-12-24;desktop;5
2022-12-25;mobile;33
2022-12-25;desktop;0
2022-12-26;mobile;9
2022-12-26;desktop;4
2022-12-27;desktop;97
2022-12-27;mobile;41
2022-12-28;desktop;853
2022-12-28;mobile;39
2022-12-29;desktop;102
2022-12-29;mobile;25
2022-12-29;tablet;19
2022-12-30;desktop;43
2022-12-30;mobile;26
2022-12-31;desktop;9
2022-12-31;mobile;9
2022-12-31;tablet;1
2023-01-01;mobile;20
2023-01-02;desktop;413
2023-01-02;mobile;21
2023-01-03;mobile;87
2023-01-03;desktop;33
2023-01-04;desktop;237
2023-01-04;mobile;47
2023-01-06;desktop;93
2023-01-06;mobile;19
2023-01-07;mobile;25
2023-01-07;desktop;11
2023-01-08;mobile;22
2023-01-08;desktop;8
2023-01-09;mobile;145
2023-01-09;desktop;131
2023-01-10;desktop;60
2023-01-10;mobile;56
2023-01-10;tablet;6
2023-01-11;desktop;437
2023-01-11;mobile;48
2023-01-12;desktop;443
2023-01-12;mobile;111
2023-01-13;mobile;28
2023-01-13;desktop;9
2023-01-13;tablet;7
2023-01-14;desktop;65
2023-01-14;mobile;37
2023-01-14;tablet;1
2023-01-15;desktop;30
2023-01-15;mobile;22
2023-01-16;desktop;106
2023-01-16;mobile;53
2023-01-17;mobile;91
2023-01-17;desktop;36
2023-01-18;mobile;72
2023-01-18;desktop;12
2023-01-18;tablet;7
2023-01-19;mobile;72
2023-01-19;desktop;42
2023-01-20;mobile;71
2023-01-20;desktop;46
2023-01-20;tablet;2
2023-01-21;mobile;114
2023-01-21;desktop;19
2023-01-22;mobile;78
2023-01-22;desktop;35
2023-01-23;desktop;84
2023-01-23;mobile;67
2023-01-23;tablet;4
2023-01-24;desktop;115
2023-01-24;mobile;34
2023-01-24;tablet;11
2023-01-25;mobile;120
2023-01-25;desktop;22
2023-01-25;tablet;3
2023-01-27;desktop;64
2023-01-27;mobile;39
2023-01-27;tablet;2
2023-01-28;mobile;38
2023-01-28;desktop;29
2023-01-29;mobile;87
2023-01-29;desktop;22
2023-01-29;tablet;1
2023-01-30;desktop;70
2023-01-30;mobile;52
2023-01-31;mobile;121
2023-01-31;desktop;113
2023-02-01;desktop;81
2023-02-01;mobile;17
2023-02-02;mobile;154
2023-02-02;desktop;85
2023-02-03;mobile;71
2023-02-03;desktop;52
2023-02-03;tablet;11
2023-02-04;desktop;100
2023-02-04;mobile;69
2023-02-04;tablet;1
2023-02-05;desktop;99
2023-02-05;mobile;28
2023-02-05;tablet;1
2023-02-06;desktop;97
2023-02-06;mobile;63
2023-02-07;desktop;78
2023-02-07;mobile;32
2023-02-08;desktop;41
2023-02-08;mobile;35
2023-02-09;mobile;84
2023-02-09;desktop;70
2023-02-10;desktop;68
2023-02-10;mobile;19
2023-02-10;tablet;11
2023-02-11;mobile;31
2023-02-11;desktop;11
2023-02-12;mobile;49
2023-02-12;desktop;48
2023-02-13;desktop;64
2023-02-13;mobile;36
2023-02-14;desktop;63
2023-02-14;mobile;23
2023-02-14;tablet;5
2023-02-15;mobile;73
2023-02-15;desktop;30
2023-02-15;tablet;1
2023-02-16;mobile;200
2023-02-16;desktop;43
2023-02-17;mobile;115
2023-02-17;desktop;50
2023-02-18;mobile;63
2023-02-18;tablet;5
2023-02-18;desktop;4
2023-02-19;mobile;190
2023-02-19;desktop;44
2023-02-20;mobile;92
2023-02-20;desktop;77
2023-02-21;desktop;63
2023-02-21;mobile;22
2023-02-22;mobile;53
2023-02-22;desktop;46
2023-02-23;mobile;253
2023-02-23;desktop;57
2023-02-24;mobile;74
2023-02-24;desktop;22
2023-02-25;mobile;53
2023-02-25;desktop;24
2023-02-26;mobile;40
2023-02-26;desktop;9
2023-02-27;mobile;113
2023-02-27;desktop;74
2023-02-28;mobile;53
2023-02-28;desktop;38
2023-03-01;desktop;71
2023-03-01;mobile;50
2023-03-04;mobile;15
2023-03-04;desktop;13
2023-03-05;desktop;17
2023-03-05;mobile;15
2023-03-07;desktop;140
2023-03-07;mobile;56
2023-03-08;desktop;177
2023-03-08;mobile;26
2023-03-09;desktop;118
2023-03-09;mobile;24
2023-03-10;desktop;40
2023-03-10;mobile;9
2023-03-11;mobile;50
2023-03-11;desktop;31
2023-03-12;mobile;138
2023-03-12;desktop;35
2023-03-13;desktop;97
2023-03-13;mobile;36
2023-03-14;desktop;289
2023-03-14;mobile;39
2023-03-15;desktop;193
2023-03-15;mobile;116
2023-03-15;tablet;1
2023-03-16;desktop;82
2023-03-16;mobile;60
2023-03-17;desktop;54
2023-03-17;mobile;26
2023-03-17;tablet;1
2023-03-18;desktop;74
2023-03-18;mobile;64
2023-03-18;tablet;1
2023-03-19;mobile;138
2023-03-19;desktop;81
2023-03-20;desktop;135
2023-03-20;mobile;86
2023-03-21;mobile;143
2023-03-21;desktop;119
2023-03-22;desktop;115
2023-03-22;mobile;98
2023-03-22;tablet;2
2023-03-23;mobile;109
2023-03-23;desktop;86
2023-03-24;desktop;103
2023-03-24;mobile;74
2023-03-25;desktop;104
2023-03-25;mobile;61
2023-03-25;tablet;2
2023-03-26;desktop;169
2023-03-26;mobile;81
2023-03-26;tablet;12
2023-03-27;mobile;200
2023-03-27;desktop;169
2023-03-27;tablet;23
2023-03-28;mobile;205
2023-03-28;desktop;138
2023-03-29;desktop;172
2023-03-29;mobile;96
2023-03-29;tablet;1
2023-03-30;desktop;141
2023-03-30;mobile;84
2023-03-31;desktop;163
2023-03-31;mobile;68
2023-04-01;desktop;138
2023-04-01;mobile;97
2023-04-02;mobile;128
2023-04-02;desktop;112
2023-04-02;tablet;4
2023-04-03;desktop;117
2023-04-03;mobile;108
2023-04-03;tablet;4
2023-04-04;desktop;116
2023-04-04;mobile;92
2023-04-05;mobile;66
2023-04-05;desktop;52
2023-04-05;tablet;2
2023-04-07;desktop;62
2023-04-07;mobile;57
2023-04-07;tablet;23
2023-04-08;mobile;107
2023-04-08;desktop;43
2023-04-08;tablet;11
2023-04-09;mobile;58
2023-04-09;tablet;46
2023-04-09;desktop;44
2023-04-10;desktop;24
2023-04-10;mobile;7
2023-04-10;tablet;2
2023-04-11;mobile;64
2023-04-11;desktop;58
2023-04-11;tablet;3
2023-04-12;desktop;117
2023-04-12;mobile;35
2023-04-12;tablet;6
2023-04-13;mobile;66
2023-04-13;desktop;58
2023-04-14;mobile;87
2023-04-14;desktop;28
2023-04-15;mobile;97
2023-04-15;desktop;57
2023-04-16;mobile;109
2023-04-16;desktop;48
2023-04-17;mobile;90
2023-04-17;desktop;40
2023-04-18;desktop;68
2023-04-18;mobile;61
2023-04-19;desktop;72
2023-04-19;mobile;72
2023-04-20;desktop;73
2023-04-20;mobile;62
2023-04-21;desktop;82
2023-04-21;mobile;43
2023-04-22;mobile;26
2023-04-22;desktop;19
2023-04-23;mobile;102
2023-04-23;desktop;70
2023-04-24;mobile;112
2023-04-24;desktop;46
2023-04-25;mobile;209
2023-04-25;desktop;102
2023-04-26;mobile;99
2023-04-26;desktop;70
2023-04-26;tablet;2
2023-04-27;desktop;98
2023-04-27;mobile;61
2023-04-28;desktop;174
2023-04-28;mobile;155
2023-04-29;mobile;54
2023-04-29;desktop;44
2023-04-29;tablet;2
2023-04-30;mobile;149
2023-04-30;desktop;4
2023-05-01;mobile;153
2023-05-01;desktop;50
2023-05-01;tablet;21
2023-05-02;mobile;168
2023-05-02;desktop;165
2023-05-02;tablet;2
2023-05-03;desktop;371
2023-05-03;mobile;124
2023-05-03;tablet;2
2023-05-04;mobile;156
2023-05-04;desktop;92
2023-05-04;tablet;4
2023-05-05;desktop;374
2023-05-05;mobile;66
2023-05-06;mobile;101
2023-05-06;desktop;57
2023-05-07;mobile;208
2023-05-07;desktop;40
2023-05-07;tablet;4
2023-05-08;desktop;141
2023-05-08;mobile;71
2023-05-09;mobile;184
2023-05-09;desktop;155
2023-05-11;desktop;274
2023-05-11;mobile;101
2023-05-11;tablet;2
2023-05-12;mobile;130
2023-05-12;desktop;104
2023-05-13;mobile;125
2023-05-13;desktop;49
2023-05-13;tablet;2
2023-05-15;mobile;343
2023-05-15;desktop;162
2023-05-15;tablet;2
2023-05-16;mobile;217
2023-05-16;desktop;121
2023-05-17;mobile;158
2023-05-17;desktop;82
2023-05-18;mobile;110
2023-05-18;desktop;44
2023-05-18;tablet;2
2023-05-19;mobile;63
2023-05-19;desktop;50
2023-05-20;mobile;191
2023-05-20;desktop;50
2023-05-21;mobile;116
2023-05-21;desktop;54
2023-05-22;mobile;224
2023-05-22;desktop;144
2023-05-22;tablet;4
2023-05-23;mobile;275
2023-05-23;desktop;132
2023-05-24;desktop;187
2023-05-24;mobile;155
2023-05-25;mobile;162
2023-05-25;desktop;121
2023-05-26;mobile;117
2023-05-26;desktop;84
2023-05-27;mobile;62
2023-05-27;desktop;48
2023-05-27;tablet;2
2023-05-28;mobile;82
2023-05-28;desktop;72
2023-05-28;tablet;3
2023-05-29;mobile;145
2023-05-29;desktop;98
2023-05-30;mobile;171
2023-05-30;desktop;127
2023-05-31;mobile;330
2023-05-31;desktop;135
2023-06-01;desktop;107
2023-06-01;mobile;95
2023-06-02;desktop;109
2023-06-02;mobile;55
2023-06-02;tablet;2
2023-06-03;mobile;148
2023-06-03;desktop;37
2023-06-03;tablet;2
2023-06-04;mobile;73
2023-06-04;desktop;46
2023-06-05;mobile;125
2023-06-05;desktop;38
2023-06-06;desktop;137
2023-06-06;mobile;82
2023-06-07;mobile;77
2023-06-07;desktop;68
2023-06-07;tablet;2
2023-06-08;desktop;230
2023-06-08;mobile;69
2023-06-08;tablet;2
2023-06-09;mobile;131
2023-06-09;desktop;124
2023-06-10;mobile;94
2023-06-10;desktop;20
2023-06-10;tablet;2
2023-06-11;mobile;121
2023-06-11;desktop;33
2023-06-12;mobile;155
2023-06-12;desktop;144
2023-06-12;tablet;2
2023-06-14;desktop;110
2023-06-14;mobile;45
2023-06-15;mobile;178
2023-06-15;desktop;80
2023-06-16;mobile;146
2023-06-16;desktop;105
2023-06-17;mobile;122
2023-06-17;desktop;29
2023-06-17;tablet;2
2023-06-18;mobile;136
2023-06-18;desktop;49
2023-06-18;tablet;6
2023-06-19;desktop;182
2023-06-19;mobile;73
2023-06-20;desktop;109
2023-06-20;mobile;86
2023-06-21;desktop;122
2023-06-21;mobile;50
2023-06-22;mobile;113
2023-06-22;desktop;105
2023-06-22;tablet;18
2023-06-23;mobile;147
2023-06-23;desktop;43
2023-06-24;mobile;268
2023-06-24;desktop;72
2023-06-24;tablet;22
2023-06-25;desktop;802
2023-06-25;mobile;106
2023-06-26;desktop;175
2023-06-26;mobile;81
2023-06-26;tablet;3
2023-06-27;desktop;177
2023-06-27;mobile;79
2023-06-27;tablet;5
2023-06-28;desktop;137
2023-06-28;mobile;72
2023-06-28;tablet;3
2023-06-29;mobile;107
2023-06-29;desktop;70
2023-06-29;tablet;10
2023-06-30;desktop;195
2023-06-30;mobile;90
2023-07-01;mobile;91
2023-07-01;desktop;44
2023-07-02;mobile;84
2023-07-02;desktop;27
2023-07-03;mobile;166
2023-07-03;desktop;90
2023-07-03;tablet;17
2023-07-04;desktop;107
2023-07-04;mobile;100
2023-07-04;tablet;6
2023-07-05;desktop;189
2023-07-05;mobile;71
2023-07-06;desktop;193
2023-07-06;mobile;47
2023-07-06;tablet;3
2023-07-07;desktop;91
2023-07-07;mobile;53
2023-07-08;desktop;116
2023-07-08;mobile;83
2023-07-08;tablet;2
2023-07-09;desktop;113
2023-07-09;mobile;100
2023-07-10;desktop;194
2023-07-10;mobile;119
2023-07-10;tablet;5
2023-07-11;desktop;127
2023-07-11;mobile;67
2023-07-11;tablet;3
2023-07-12;desktop;152
2023-07-12;mobile;127
2023-07-12;tablet;4
2023-07-13;mobile;219
2023-07-13;desktop;166
2023-07-13;tablet;7
2023-07-14;desktop;234
2023-07-14;mobile;149
2023-07-14;tablet;11
2023-07-15;mobile;224
2023-07-15;desktop;45
2023-07-15;tablet;2
2023-07-16;mobile;139
2023-07-16;desktop;38
2023-07-17;desktop;158
2023-07-17;mobile;128
2023-07-18;desktop;203
2023-07-18;mobile;168
2023-07-18;tablet;5
2023-07-19;mobile;165
2023-07-19;desktop;154
2023-07-19;tablet;10
2023-07-20;mobile;505
2023-07-20;desktop;247
2023-07-21;mobile;297
2023-07-21;desktop;87
2023-07-22;mobile;153
2023-07-22;desktop;44
2023-07-23;mobile;120
2023-07-23;desktop;34
2023-07-24;desktop;88
2023-07-24;mobile;42
2023-07-25;mobile;129
2023-07-25;desktop;107
2023-07-25;tablet;2
2023-07-26;desktop;99
2023-07-26;mobile;82
2023-07-26;tablet;4
2023-07-27;desktop;142
2023-07-27;mobile;50
2023-07-27;tablet;2
2023-07-28;desktop;109
2023-07-28;mobile;95
2023-07-28;tablet;2
2023-07-29;mobile;75
2023-07-29;desktop;61
2023-07-29;tablet;3
2023-07-30;desktop;113
2023-07-30;mobile;97
2023-07-30;tablet;2
2023-07-31;desktop;168
2023-07-31;mobile;114
2023-07-31;tablet;2
2023-08-01;desktop;161
2023-08-01;mobile;96
2023-08-02;mobile;291
2023-08-02;desktop;72
2023-08-02;tablet;17
2023-08-03;desktop;127
2023-08-03;mobile;110
2023-08-03;tablet;3
2023-08-04;desktop;93
2023-08-04;mobile;82
2023-08-05;desktop;55
2023-08-05;mobile;54
2023-08-05;tablet;3
2023-08-06;mobile;134
2023-08-06;desktop;41
2023-08-06;tablet;4
2023-08-07;desktop;234
2023-08-07;mobile;148
2023-08-07;tablet;13
2023-08-08;mobile;193
2023-08-08;desktop;143
2023-08-09;mobile;210
2023-08-09;desktop;91
2023-08-09;tablet;3
2023-08-10;mobile;180
2023-08-10;desktop;111
2023-08-11;desktop;116
2023-08-11;mobile;115
2023-08-11;tablet;11
2023-08-12;mobile;112
2023-08-12;desktop;19
2023-08-12;tablet;3
2023-08-13;mobile;80
2023-08-13;desktop;10
2023-08-13;tablet;9
2023-08-14;mobile;99
2023-08-14;desktop;87
2023-08-15;mobile;190
2023-08-15;desktop;97
2023-08-15;tablet;2
2023-08-16;mobile;148
2023-08-16;desktop;82
2023-08-16;tablet;3
2023-08-17;desktop;102
2023-08-17;mobile;92
2023-08-17;tablet;2
2023-08-19;mobile;90
2023-08-19;desktop;41
2023-08-19;tablet;6
2023-08-20;mobile;82
2023-08-20;desktop;80
2023-08-20;tablet;7
2023-08-21;mobile;186
2023-08-21;desktop;108
2023-08-22;desktop;293
2023-08-22;mobile;155
2023-08-23;desktop;117
2023-08-23;mobile;69
2023-08-23;tablet;21
2023-08-24;mobile;169
2023-08-24;desktop;112
2023-08-24;tablet;3
2023-08-25;mobile;116
2023-08-25;desktop;39
2023-08-25;tablet;12
2023-08-26;mobile;126
2023-08-26;desktop;50
2023-08-26;tablet;3
2023-08-27;desktop;265
2023-08-27;mobile;151
2023-08-27;tablet;3
2023-08-28;desktop;151
2023-08-28;mobile;74
2023-08-28;tablet;9
2023-08-29;mobile;192
2023-08-29;desktop;127
2023-08-29;tablet;4
2023-08-30;mobile;152
2023-08-30;desktop;110
2023-08-30;tablet;3
2023-09-01;desktop;142
2023-09-01;mobile;83
2023-09-01;tablet;15
2023-09-02;mobile;121
2023-09-02;desktop;46
2023-09-03;desktop;63
2023-09-03;mobile;57
2023-09-03;tablet;5
2023-09-04;desktop;119
2023-09-04;mobile;76
2023-09-04;tablet;2
2023-09-05;mobile;163
2023-09-05;desktop;99
2023-09-05;tablet;10
2023-09-06;desktop;223
2023-09-06;mobile;124
2023-09-06;tablet;6
2023-09-07;desktop;79
2023-09-07;mobile;55
2023-09-08;desktop;146
2023-09-08;mobile;95
2023-09-09;mobile;143
2023-09-09;desktop;118
2023-09-09;tablet;12
2023-09-10;mobile;136
2023-09-10;desktop;75
2023-09-10;tablet;6
2023-09-11;desktop;108
2023-09-11;mobile;22
2023-09-12;desktop;173
2023-09-12;mobile;118
2023-09-12;tablet;6
2023-09-13;desktop;146
2023-09-13;mobile;82
2023-09-13;tablet;3
2023-09-15;desktop;59
2023-09-15;mobile;56
2023-09-15;tablet;17
2023-09-16;mobile;107
2023-09-16;desktop;35
2023-09-16;tablet;6
2023-09-17;mobile;131
2023-09-17;desktop;14
2023-09-18;desktop;263
2023-09-18;mobile;178
2023-09-18;tablet;3
2023-09-19;desktop;3.257
2023-09-19;mobile;115
2023-09-19;tablet;3
2023-09-20;mobile;154
2023-09-20;desktop;151
2023-09-20;tablet;2
2023-09-21;desktop;162
2023-09-21;mobile;115
2023-09-21;tablet;27
2023-09-22;mobile;85
2023-09-22;desktop;80
2023-09-22;tablet;2
2023-09-23;mobile;177
2023-09-23;desktop;2
2023-09-23;tablet;2
2023-09-24;mobile;155
2023-09-24;desktop;97
2023-09-24;tablet;9
2023-09-25;desktop;143
2023-09-25;mobile;138
2023-09-26;desktop;158
2023-09-26;mobile;157
2023-09-27;desktop;165
2023-09-27;mobile;76
2023-09-27;tablet;4
2023-09-28;desktop;166
2023-09-28;mobile;115
2023-09-29;desktop;66
2023-09-29;mobile;52
2023-09-30;mobile;54
2023-09-30;desktop;17
2023-09-30;tablet;2
2023-10-01;mobile;211
2023-10-01;desktop;40
2023-10-01;tablet;2
2023-10-02;mobile;73
2023-10-02;desktop;33
2023-10-02;tablet;3
2023-10-03;mobile;61
2023-10-03;desktop;41
2023-10-04;mobile;139
2023-10-04;desktop;71
2023-10-04;tablet;3
2023-10-05;mobile;198
2023-10-05;desktop;71
2023-10-05;tablet;5
2023-10-06;mobile;102
2023-10-06;desktop;95
2023-10-06;tablet;2
2023-10-08;mobile;95
2023-10-08;desktop;85
2023-10-08;tablet;9
2023-10-09;mobile;95
2023-10-09;desktop;85
2023-10-09;tablet;9
2023-10-10;mobile;95
2023-10-10;desktop;85
2023-10-10;tablet;9
2023-10-11;mobile;95
2023-10-11;desktop;85
2023-10-11;tablet;9
2023-10-12;mobile;129
2023-10-12;desktop;87
2023-10-12;tablet;10
2023-10-13;mobile;180
2023-10-13;desktop;72
2023-10-13;tablet;2
2023-10-14;mobile;180
2023-10-14;desktop;72
2023-10-14;tablet;2
2023-10-15;mobile;180
2023-10-15;desktop;72
2023-10-15;tablet;2
2023-10-16;desktop;151
2023-10-16;mobile;70
2023-10-16;tablet;5
2023-10-17;desktop;138
2023-10-17;mobile;92
2023-10-17;tablet;18
2023-10-18;desktop;86
2023-10-18;mobile;62
2023-10-18;tablet;8
2023-10-19;desktop;119
2023-10-19;mobile;60
2023-10-20;mobile;41
2023-10-20;desktop;39
2023-10-20;tablet;3
2023-10-21;desktop;59
2023-10-21;mobile;42
2023-10-21;tablet;2
2023-10-22;desktop;144
2023-10-22;mobile;87
2023-10-22;tablet;4
2023-10-23;desktop;127
2023-10-23;mobile;73
2023-10-23;tablet;9
2023-10-24;desktop;147
2023-10-24;mobile;73
2023-10-24;smart tv;5
2023-10-24;tablet;3
2023-10-25;desktop;115
2023-10-25;mobile;97
2023-10-26;desktop;115
2023-10-26;mobile;42
2023-10-27;mobile;42
2023-10-27;desktop;26
2023-10-27;tablet;1
2023-10-28;mobile;22
2023-10-28;desktop;8
2023-10-29;mobile;29
2023-10-29;desktop;21
2023-10-29;tablet;2
2023-10-30;desktop;304
2023-10-30;mobile;36
2023-10-30;tablet;1
2023-10-31;desktop;30
2023-10-31;mobile;20
2023-11-01;desktop;380
2023-11-01;mobile;26
2023-11-01;tablet;1
2023-11-02;desktop;279
2023-11-02;mobile;33
2023-11-02;tablet;2
2023-11-03;desktop;83
2023-11-03;mobile;26
2023-11-03;tablet;1
2023-11-04;mobile;52
2023-11-04;desktop;11
2023-11-05;desktop;106
2023-11-05;mobile;42
2023-11-06;mobile;37
2023-11-06;desktop;34
2023-11-06;tablet;1
2023-11-07;mobile;39
2023-11-07;desktop;23
2023-11-07;tablet;2
2023-11-08;mobile;43
2023-11-08;desktop;18
2023-11-08;tablet;1
2023-11-09;mobile;36
2023-11-09;desktop;25
2023-11-09;tablet;3
2023-11-10;mobile;40
2023-11-10;desktop;24
2023-11-11;mobile;48
2023-11-11;desktop;10
2023-11-11;tablet;1
2023-11-12;mobile;38
2023-11-12;desktop;15
2023-11-12;tablet;3
2023-11-13;desktop;50
2023-11-13;mobile;39
2023-11-13;tablet;4
2023-11-14;desktop;42
2023-11-14;mobile;38
2023-11-15;desktop;35
2023-11-15;mobile;30
2023-11-15;tablet;2
2023-11-16;mobile;28
2023-11-16;desktop;26
2023-11-16;tablet;2
2023-11-17;desktop;27
2023-11-17;mobile;17
2023-11-17;tablet;4
2023-11-18;mobile;30
2023-11-18;desktop;12
2023-11-18;tablet;1
2023-11-19;mobile;37
2023-11-19;desktop;19
2023-11-19;tablet;3
2023-11-20;mobile;40
2023-11-20;desktop;31
2023-11-21;desktop;374
2023-11-21;mobile;32
2023-11-21;tablet;1
2023-11-22;desktop;28
2023-11-22;mobile;25
2023-11-23;mobile;31
2023-11-23;desktop;29
2023-11-23;tablet;3
2023-11-24;mobile;46
2023-11-24;desktop;25
2023-11-24;tablet;4
2023-11-25;mobile;35
2023-11-25;desktop;12
2023-11-25;tablet;1
2023-11-26;mobile;42
2023-11-26;desktop;11
2023-11-26;tablet;1
2023-11-27;desktop;47
2023-11-27;mobile;16
2023-11-28;desktop;32
2023-11-28;mobile;30
2023-11-28;tablet;2
2023-11-29;mobile;30
2023-11-29;desktop;26
2023-11-30;desktop;22
2023-11-30;mobile;16
2023-12-01;mobile;26
2023-12-01;desktop;13
2023-12-01;tablet;1
2023-12-02;mobile;30
2023-12-02;desktop;7
2023-12-02;tablet;3
2023-12-03;mobile;26
2023-12-03;desktop;8
2023-12-04;desktop;34
2023-12-04;mobile;31
2023-12-05;mobile;52
2023-12-05;desktop;30
2023-12-05;tablet;1
2023-12-06;mobile;54
2023-12-06;desktop;29
2023-12-06;tablet;1
2023-12-07;mobile;29
2023-12-07;desktop;27
2023-12-08;mobile;30
2023-12-08;desktop;17
2023-12-09;mobile;59
2023-12-09;desktop;27
2023-12-09;tablet;2
2023-12-10;mobile;29
2023-12-10;desktop;19
2023-12-10;tablet;1
2023-12-11;mobile;64
2023-12-11;desktop;53
2023-12-12;desktop;36
2023-12-12;mobile;25
2023-12-13;mobile;39
2023-12-13;desktop;29
2023-12-13;tablet;2
2023-12-14;desktop;26
2023-12-14;mobile;26
2023-12-14;tablet;2
2023-12-15;mobile;29
2023-12-15;desktop;27
2023-12-15;tablet;1
2023-12-16;mobile;26
2023-12-16;desktop;8
2023-12-16;tablet;2
2023-12-17;mobile;26
2023-12-17;desktop;8
2023-12-18;mobile;38
2023-12-18;desktop;26
2023-12-19;mobile;41
2023-12-19;desktop;22
2023-12-19;tablet;1
2023-12-20;mobile;44
2023-12-20;desktop;36
2023-12-21;mobile;46
2023-12-21;desktop;41
2023-12-22;mobile;41
2023-12-22;desktop;29
2023-12-22;tablet;4
2023-12-23;mobile;48
2023-12-23;desktop;13
2023-12-24;mobile;21
2023-12-24;desktop;11
2023-12-24;tablet;1
2023-12-25;mobile;38
2023-12-25;desktop;14
2023-12-26;mobile;34
2023-12-26;desktop;9
2023-12-27;mobile;28
2023-12-27;desktop;21
2023-12-27;tablet;3
2023-12-28;mobile;31
2023-12-28;desktop;18
2023-12-28;tablet;1
2023-12-29;mobile;23
2023-12-29;desktop;13
2023-12-30;mobile;26
2023-12-30;desktop;16
2023-12-30;tablet;2
2023-12-31;mobile;38
2023-12-31;desktop;8
2023-12-31;tablet;1
2024-01-01;mobile;30
2024-01-01;desktop;17
2024-01-01;tablet;2
2024-01-03;desktop;30
2024-01-03;mobile;27
2024-01-04;mobile;34
2024-01-04;desktop;23
2024-01-04;tablet;4
2024-01-05;mobile;23
2024-01-05;desktop;16
2024-01-06;mobile;32
2024-01-06;desktop;17
2024-01-07;mobile;34
2024-01-07;desktop;25
2024-01-07;tablet;1
2024-01-08;mobile;36
2024-01-08;desktop;31
2024-01-08;tablet;2
2024-01-09;mobile;35
2024-01-09;desktop;22
2024-01-09;tablet;2
2024-01-10;mobile;33
2024-01-10;desktop;31
2024-01-10;tablet;2
2024-01-11;mobile;85
2024-01-11;desktop;32
2024-01-11;tablet;1
2024-01-12;mobile;57
2024-01-12;desktop;36
2024-01-13;mobile;32
2024-01-13;desktop;11
2024-01-14;mobile;79
2024-01-14;desktop;25
2024-01-14;tablet;2
2024-01-15;mobile;41
2024-01-15;desktop;26
2024-01-15;tablet;3
2024-01-16;mobile;37
2024-01-16;desktop;23
2024-01-17;mobile;44
2024-01-17;desktop;24
2024-01-17;tablet;1
2024-01-18;mobile;43
2024-01-18;desktop;20
2024-01-18;tablet;2
2024-01-19;desktop;25
2024-01-19;mobile;24
2024-01-19;tablet;1
2024-01-20;mobile;30
2024-01-20;desktop;11
2024-01-20;tablet;1
2024-01-21;mobile;46
2024-01-21;desktop;13
2024-01-22;mobile;41
2024-01-22;desktop;33
2024-01-22;tablet;1
2024-01-23;mobile;40
2024-01-23;desktop;24
2024-01-24;mobile;45
2024-01-24;desktop;37
2024-01-24;tablet;2
2024-01-25;desktop;34
2024-01-25;mobile;33
2024-01-25;tablet;2
2024-01-26;desktop;23
2024-01-26;mobile;23
2024-01-26;tablet;1
2024-01-27;desktop;220
2024-01-27;mobile;29
2024-01-27;tablet;1
2024-01-28;mobile;41
2024-01-28;desktop;37
2024-01-28;tablet;12
2024-01-29;desktop;71
2024-01-29;mobile;47
2024-01-29;tablet;1
2024-01-30;desktop;39
2024-01-30;mobile;34
2024-01-31;desktop;56
2024-01-31;mobile;45
2024-02-01;desktop;53
2024-02-01;mobile;20
2024-02-02;mobile;36
2024-02-02;desktop;32
2024-02-02;tablet;1
2024-02-03;mobile;25
2024-02-03;desktop;20
2024-02-03;tablet;1
2024-02-04;mobile;49
2024-02-04;desktop;19
2024-02-04;tablet;3
2024-02-05;desktop;59
2024-02-05;mobile;48
2024-02-06;mobile;51
2024-02-06;desktop;27
2024-02-06;tablet;1
2024-02-07;desktop;54
2024-02-07;mobile;30
2024-02-08;mobile;42
2024-02-08;desktop;27
2024-02-09;mobile;29
2024-02-09;desktop;21
2024-02-09;tablet;4
2024-02-10;mobile;31
2024-02-10;desktop;25
2024-02-11;mobile;39
2024-02-11;desktop;16
2024-02-12;desktop;38
2024-02-12;mobile;28
2024-02-12;tablet;5
2024-02-13;mobile;36
2024-02-13;desktop;19
2024-02-13;tablet;1
2024-02-14;mobile;50
2024-02-14;desktop;33
2024-02-15;mobile;50
2024-02-15;desktop;33
2024-02-16;mobile;50
2024-02-16;desktop;33
2024-02-17;mobile;50
2024-02-17;desktop;33
2024-02-18;mobile;77
2024-02-18;desktop;37
2024-02-18;tablet;3
2024-02-19;mobile;57
2024-02-19;desktop;37
2024-02-20;mobile;55
2024-02-20;desktop;36
2024-02-20;tablet;1
2024-02-21;mobile;57
2024-02-21;desktop;53
2024-02-22;mobile;39
2024-02-22;desktop;37
2024-02-22;tablet;1
2024-02-23;mobile;41
2024-02-23;desktop;25
2024-02-23;tablet;1
2024-02-24;mobile;44
2024-02-24;desktop;17
2024-02-24;tablet;3
2024-02-25;mobile;39
2024-02-25;desktop;24
2024-02-25;tablet;2
2024-02-26;desktop;55
2024-02-26;mobile;40
2024-02-27;mobile;56
2024-02-27;desktop;43
2024-02-27;tablet;1
2024-02-28;mobile;40
2024-02-28;desktop;39
2024-02-28;tablet;5
2024-02-29;desktop;40
2024-02-29;mobile;36
2024-02-29;tablet;2
2024-03-01;mobile;40
2024-03-01;desktop;21
2024-03-02;mobile;46
2024-03-02;desktop;20
2024-03-02;tablet;3
2024-03-03;mobile;51
2024-03-03;desktop;23
2024-03-03;tablet;3
2024-03-04;mobile;60
2024-03-04;desktop;54
2024-03-04;tablet;2
2024-03-05;mobile;56
2024-03-05;desktop;36
2024-03-05;tablet;2
2024-03-06;mobile;47
2024-03-06;desktop;27
2024-03-06;tablet;1
2024-03-07;mobile;53
2024-03-07;desktop;41
2024-03-07;tablet;1
2024-03-09;desktop;129
2024-03-09;mobile;40
2024-03-10;mobile;67
2024-03-10;desktop;31
2024-03-10;tablet;3
2024-03-11;desktop;53
2024-03-11;mobile;35
2024-03-12;mobile;48
2024-03-12;desktop;29
2024-03-13;desktop;74
2024-03-13;mobile;59
2024-03-14;mobile;52
2024-03-14;desktop;29
2024-03-14;tablet;1
2024-03-15;mobile;46
2024-03-15;desktop;33
2024-03-16;mobile;29
2024-03-16;desktop;9
2024-03-16;tablet;1
2024-03-17;mobile;65
2024-03-17;desktop;25
2024-03-18;mobile;64
2024-03-18;desktop;39
2024-03-19;desktop;34
2024-03-19;mobile;34
2024-03-20;mobile;48
2024-03-20;desktop;28
2024-03-21;mobile;36
2024-03-21;desktop;27
2024-03-21;tablet;2
2024-03-22;desktop;37
2024-03-22;mobile;35
2024-03-22;tablet;2
2024-03-23;mobile;45
2024-03-23;desktop;18
2024-03-23;tablet;3
2024-03-25;mobile;69
2024-03-25;desktop;45
2024-03-25;tablet;3
2024-03-26;mobile;65
2024-03-26;desktop;37
2024-03-27;mobile;54
2024-03-27;desktop;46
2024-03-27;tablet;1
2024-03-28;mobile;42
2024-03-28;desktop;33
2024-03-29;mobile;41
2024-03-29;desktop;19
2024-03-30;mobile;32
2024-03-30;desktop;10
2024-03-31;mobile;37
2024-03-31;desktop;16
2024-03-31;tablet;1
2024-04-01;mobile;60
2024-04-01;desktop;27
2024-04-01;tablet;2
2024-04-02;desktop;69
2024-04-02;mobile;61
2024-04-02;tablet;1
2024-04-03;desktop;709
2024-04-03;mobile;44
2024-04-03;tablet;0
2024-04-04;desktop;247
2024-04-04;mobile;73
2024-04-04;tablet;2
2024-04-05;desktop;619
2024-04-05;mobile;60
2024-04-05;tablet;4
2024-04-06;mobile;36
2024-04-06;desktop;19
2024-04-06;tablet;2
2024-04-07;mobile;46
2024-04-07;desktop;31
2024-04-07;tablet;1
2024-04-08;desktop;274
2024-04-08;mobile;114
2024-04-08;tablet;2
2024-04-09;desktop;307
2024-04-09;mobile;165
2024-04-10;desktop;62
2024-04-10;mobile;58
2024-04-11;desktop;66
2024-04-11;mobile;59
2024-04-12;desktop;464
2024-04-12;mobile;65
2024-04-12;tablet;2
2024-04-13;mobile;46
2024-04-13;desktop;17
2024-04-13;tablet;1
2024-04-14;mobile;35
2024-04-14;desktop;31
2024-04-15;desktop;88
2024-04-15;mobile;61
2024-04-15;tablet;1
2024-04-16;mobile;67
2024-04-16;desktop;50
2024-04-17;mobile;67
2024-04-17;desktop;63
2024-04-17;tablet;3
2024-04-18;desktop;56
2024-04-18;mobile;46
2024-04-18;tablet;2
2024-04-19;mobile;70
2024-04-19;desktop;33
2024-04-19;tablet;3
2024-04-20;mobile;53
2024-04-20;desktop;19
2024-04-21;mobile;75
2024-04-21;desktop;35
2024-04-22;mobile;69
2024-04-22;desktop;54
2024-04-22;tablet;1
2024-04-23;desktop;41
2024-04-23;mobile;40
2024-04-23;tablet;5
2024-04-24;desktop;71
2024-04-24;mobile;62
2024-04-24;tablet;1
2024-04-25;mobile;62
2024-04-25;desktop;36
2024-04-26;mobile;60
2024-04-26;desktop;56
2024-04-26;tablet;2
2024-04-27;mobile;37
2024-04-27;desktop;27
2024-04-27;tablet;1
2024-04-28;mobile;47
2024-04-28;desktop;40
2024-04-28;tablet;2
2024-04-29;mobile;39
2024-04-29;desktop;38
2024-04-29;tablet;2
2024-04-30;mobile;55
2024-04-30;desktop;51
2024-05-01;mobile;69
2024-05-01;desktop;20
2024-05-01;tablet;1
2024-05-02;desktop;139
2024-05-02;mobile;64
2024-05-02;tablet;1
2024-05-03;mobile;46
2024-05-03;desktop;34
2024-05-04;mobile;48
2024-05-04;desktop;21
2024-05-05;mobile;55
2024-05-05;desktop;44
2024-05-06;desktop;146
2024-05-06;mobile;61
2024-05-06;tablet;1
2024-05-07;desktop;55
2024-05-07;mobile;49
2024-05-07;tablet;1
2024-05-08;mobile;41
2024-05-08;desktop;30
2024-05-08;tablet;1
2024-05-09;mobile;50
2024-05-09;desktop;29
2024-05-09;tablet;2
2024-05-10;desktop;100
2024-05-10;mobile;60
2024-05-10;tablet;2
2024-05-11;mobile;38
2024-05-11;desktop;35
2024-05-11;tablet;1
2024-05-12;mobile;44
2024-05-12;desktop;21
2024-05-12;smart tv;1
2024-05-13;desktop;261
2024-05-13;mobile;70
2024-05-13;tablet;1
2024-05-14;desktop;34
2024-05-14;mobile;34
2024-05-15;mobile;46
2024-05-15;desktop;42
2024-05-16;desktop;58
2024-05-16;mobile;48
2024-05-17;desktop;259
2024-05-17;mobile;62
2024-05-18;mobile;79
2024-05-18;desktop;17
2024-05-18;tablet;2
2024-05-19;mobile;59
2024-05-19;desktop;32
2024-05-19;tablet;2
2024-05-20;mobile;65
2024-05-20;desktop;28
2024-05-20;tablet;1
2024-05-21;mobile;104
2024-05-21;desktop;92
2024-05-21;tablet;2
2024-05-22;mobile;118
2024-05-22;desktop;74
2024-05-22;tablet;1
2024-05-23;mobile;121
2024-05-23;desktop;57
2024-05-24;mobile;72
2024-05-24;desktop;50
2024-05-24;tablet;2
2024-05-25;mobile;79
2024-05-25;desktop;32
2024-05-26;mobile;95
2024-05-26;desktop;38
2024-05-26;tablet;6
2024-05-27;mobile;100
2024-05-27;desktop;69
2024-05-27;tablet;1
2024-05-28;mobile;112
2024-05-28;desktop;70
2024-05-28;tablet;1
2024-05-29;mobile;85
2024-05-29;desktop;38
2024-05-29;tablet;7
2024-05-30;mobile;164
2024-05-30;desktop;69
2024-05-30;tablet;5
2024-05-31;mobile;105
2024-05-31;desktop;38
2024-05-31;tablet;4
2024-06-01;mobile;121
2024-06-01;desktop;26
2024-06-01;tablet;0
2024-06-02;mobile;112
2024-06-02;desktop;49
2024-06-02;tablet;5
2024-06-03;mobile;112
2024-06-03;desktop;49
2024-06-03;tablet;3
2024-06-04;mobile;91
2024-06-04;desktop;38
2024-06-04;tablet;1
2024-06-05;mobile;66
2024-06-05;desktop;49
2024-06-05;tablet;2
2024-06-06;mobile;61
2024-06-06;desktop;57
2024-06-07;mobile;48
2024-06-07;desktop;20
2024-06-07;tablet;2
2024-06-08;mobile;56
2024-06-08;desktop;15
2024-06-09;mobile;56
2024-06-09;desktop;25
2024-06-10;desktop;373
2024-06-10;mobile;84
2024-06-11;desktop;148
2024-06-11;mobile;67
2024-06-11;tablet;2
2024-06-12;desktop;148
2024-06-12;mobile;67
2024-06-12;tablet;2
2024-06-13;desktop;148
2024-06-13;mobile;67
2024-06-13;tablet;2
2024-06-14;desktop;148
2024-06-14;mobile;67
2024-06-14;tablet;2
2024-06-15;mobile;50
2024-06-15;desktop;26
2024-06-15;tablet;1
2024-06-16;mobile;86
2024-06-16;desktop;21
2024-06-16;tablet;1
2024-06-17;mobile;104
2024-06-17;desktop;76
2024-06-18;mobile;84
2024-06-18;desktop;55
2024-06-18;tablet;1
2024-06-19;mobile;59
2024-06-19;desktop;52
2024-06-19;tablet;2
2024-06-20;mobile;65
2024-06-20;desktop;55
2024-06-20;tablet;1
2024-06-21;mobile;62
2024-06-21;desktop;54
2024-06-21;tablet;3
2024-06-22;mobile;73
2024-06-22;desktop;28
2024-06-23;mobile;51
2024-06-23;desktop;24
2024-06-24;desktop;67
2024-06-24;mobile;57
2024-06-25;desktop;48
2024-06-25;mobile;45
2024-06-25;tablet;2
2024-06-26;desktop;51
2024-06-26;mobile;46
2024-06-27;desktop;48
2024-06-27;mobile;40
2024-06-27;tablet;1
2024-06-28;desktop;54
2024-06-28;mobile;31
2024-06-29;mobile;57
2024-06-29;desktop;27
2024-06-29;tablet;3
2024-06-30;mobile;64
2024-06-30;desktop;31
2024-06-30;tablet;4
2024-07-01;mobile;80
2024-07-01;desktop;72
2024-07-02;desktop;60
2024-07-02;mobile;47
2024-07-02;tablet;5
2024-07-03;mobile;59
2024-07-03;desktop;51
2024-07-03;tablet;2
2024-07-04;mobile;46
2024-07-04;desktop;43
2024-07-06;mobile;33
2024-07-06;desktop;17
2024-07-06;tablet;1
2024-07-07;mobile;64
2024-07-07;desktop;50
2024-07-07;tablet;1
2024-07-08;desktop;78
2024-07-08;mobile;60
2024-07-09;mobile;67
2024-07-09;desktop;62
2024-07-10;mobile;61
2024-07-10;desktop;39
2024-07-10;tablet;4
2024-07-11;mobile;58
2024-07-11;desktop;53
2024-07-11;tablet;2
2024-07-12;desktop;46
2024-07-12;mobile;42
2024-07-12;tablet;1
2024-07-13;mobile;39
2024-07-13;desktop;22
2024-07-14;mobile;49
2024-07-14;desktop;17
2024-07-14;tablet;3
2024-07-15;mobile;81
2024-07-15;desktop;56
2024-07-16;desktop;94
2024-07-16;mobile;45
2024-07-16;tablet;2
2024-07-17;mobile;62
2024-07-17;desktop;47
2024-07-17;tablet;1
2024-07-18;mobile;53
2024-07-18;desktop;51
2024-07-18;tablet;1
2024-07-19;mobile;56
2024-07-19;desktop;17
2024-07-19;tablet;3
2024-07-21;mobile;67
2024-07-21;desktop;34
2024-07-22;mobile;71
2024-07-22;desktop;32
2024-07-22;tablet;1
2024-07-23;mobile;48
2024-07-23;desktop;47
2024-07-24;mobile;73
2024-07-24;desktop;47
2024-07-25;mobile;65
2024-07-25;desktop;59
2024-07-25;tablet;2
2024-07-26;mobile;56
2024-07-26;desktop;36
2024-07-27;mobile;47
2024-07-27;desktop;27
2024-07-27;tablet;2
2024-07-28;mobile;54
2024-07-28;desktop;24
2024-07-28;tablet;2
2024-07-29;mobile;43
2024-07-29;desktop;30
2024-07-30;mobile;66
2024-07-30;desktop;30
2024-07-30;tablet;3
2024-07-31;mobile;68
2024-07-31;desktop;29
2024-07-31;tablet;2
2024-08-01;mobile;56
2024-08-01;desktop;33
2024-08-01;tablet;1
2024-08-02;mobile;60
2024-08-02;desktop;37
2024-08-02;tablet;2
2024-08-03;mobile;42
2024-08-03;desktop;15
2024-08-03;tablet;1
2024-08-04;mobile;60
2024-08-04;desktop;24
2024-08-04;tablet;2
2024-08-05;mobile;56
2024-08-05;desktop;29
2024-08-05;tablet;2
2024-08-06;mobile;52
2024-08-06;desktop;36
2024-08-07;mobile;65
2024-08-07;desktop;45
2024-08-07;tablet;3
2024-08-08;desktop;45
2024-08-08;mobile;39
2024-08-08;tablet;3
2024-08-09;mobile;51
2024-08-09;desktop;38
2024-08-10;mobile;52
2024-08-10;desktop;16
2024-08-10;tablet;3
2024-08-11;mobile;50
2024-08-11;desktop;34
2024-08-11;tablet;1
2024-08-12;mobile;70
2024-08-12;desktop;35
2024-08-13;mobile;65
2024-08-13;desktop;48
2024-08-13;tablet;1
2024-08-14;desktop;50
2024-08-14;mobile;36
2024-08-15;desktop;50
2024-08-15;mobile;42
2024-08-15;tablet;1
2024-08-16;desktop;83
2024-08-16;mobile;43
2024-08-16;tablet;1
2024-08-17;mobile;50
2024-08-17;desktop;23
2024-08-17;tablet;8
2024-08-18;mobile;38
2024-08-18;desktop;22
2024-08-18;smart tv;1
2024-08-19;desktop;46
2024-08-19;mobile;37
2024-08-19;tablet;4
2024-08-20;desktop;117
2024-08-20;mobile;56
2024-08-20;tablet;4
2024-08-21;mobile;50
2024-08-21;desktop;39
2024-08-22;mobile;42
2024-08-22;desktop;36
2024-08-23;desktop;31
2024-08-23;mobile;26
2024-08-24;mobile;52
2024-08-24;desktop;12
2024-08-25;mobile;54
2024-08-25;desktop;22
2024-08-25;tablet;2
2024-08-26;mobile;58
2024-08-26;desktop;26
2024-08-27;mobile;60
2024-08-27;desktop;37
2024-08-27;tablet;3
2024-08-28;mobile;54
2024-08-28;desktop;40
2024-08-28;tablet;1
2024-08-29;mobile;51
2024-08-29;desktop;39
2024-08-29;tablet;1
2024-08-30;mobile;45
2024-08-30;desktop;41
2024-08-30;tablet;2
2024-08-31;mobile;57
2024-08-31;desktop;26
2024-09-01;mobile;65
2024-09-01;desktop;41
2024-09-01;tablet;4
2024-09-02;mobile;62
2024-09-02;desktop;35
2024-09-02;tablet;2
2024-09-03;desktop;60
2024-09-03;mobile;54
2024-09-03;tablet;1
2024-09-04;mobile;52
2024-09-04;desktop;49
2024-09-05;mobile;56
2024-09-05;desktop;43
2024-09-05;tablet;1
2024-09-06;desktop;27
2024-09-06;mobile;27
2024-09-07;mobile;58
2024-09-07;desktop;20
2024-09-08;mobile;62
2024-09-08;desktop;37
2024-09-09;mobile;54
2024-09-09;desktop;43
2024-09-09;tablet;2
2024-09-10;mobile;63
2024-09-10;desktop;51
2024-09-10;tablet;4
2024-09-11;mobile;59
2024-09-11;desktop;42
2024-09-11;tablet;1
2024-09-12;desktop;48
2024-09-12;mobile;37
2024-09-13;mobile;51
2024-09-13;desktop;24
2024-09-13;tablet;4
2024-09-14;mobile;75
2024-09-14;desktop;21
2024-09-14;tablet;2
2024-09-15;mobile;75
2024-09-15;desktop;40
2024-09-15;tablet;3
2024-09-16;desktop;66
2024-09-16;mobile;65
2024-09-16;tablet;2
2024-09-17;mobile;73
2024-09-17;desktop;40
2024-09-17;tablet;4
2024-09-18;mobile;72
2024-09-18;desktop;35
2024-09-19;mobile;62
2024-09-19;desktop;35
2024-09-19;tablet;2
2024-09-20;mobile;76
2024-09-20;desktop;22
2024-09-21;mobile;80
2024-09-21;desktop;12
2024-09-21;tablet;1
2024-09-22;mobile;75
2024-09-22;desktop;23
2024-09-22;tablet;2
2024-09-23;mobile;72
2024-09-23;desktop;39
2024-09-24;mobile;87
2024-09-24;desktop;52
2024-09-24;tablet;1
2024-09-25;mobile;60
2024-09-25;desktop;45
2024-09-25;tablet;1
2024-09-26;mobile;49
2024-09-26;desktop;42
2024-09-26;tablet;2
2024-09-27;mobile;71
2024-09-27;desktop;26
2024-09-27;tablet;1
2024-09-28;mobile;70
2024-09-28;desktop;36
2024-09-28;tablet;1
2024-09-29;mobile;62
2024-09-29;desktop;34
2024-09-29;tablet;2
2024-09-30;mobile;57
2024-09-30;desktop;49
2024-09-30;tablet;0
2024-10-01;mobile;59
2024-10-01;desktop;56
2024-10-02;desktop;55
2024-10-02;mobile;38
2024-10-02;tablet;2
2024-10-03;mobile;61
2024-10-03;desktop;33
2024-10-03;tablet;1
2024-10-04;mobile;47
2024-10-04;desktop;24
2024-10-05;mobile;47
2024-10-05;desktop;22
2024-10-05;tablet;1
2024-10-06;mobile;81
2024-10-06;desktop;39
2024-10-07;desktop;78
2024-10-07;mobile;60
2024-10-07;tablet;2
2024-10-08;desktop;65
2024-10-08;mobile;56
2024-10-08;tablet;1
2024-10-09;mobile;52
2024-10-09;desktop;40
2024-10-09;tablet;2
2024-10-10;mobile;47
2024-10-10;desktop;37
2024-10-10;tablet;1
2024-10-11;mobile;25
2024-10-11;desktop;24
2024-10-11;tablet;2
2024-10-12;mobile;36
2024-10-12;desktop;34
2024-10-13;mobile;60
2024-10-13;desktop;46
2024-10-13;tablet;10
2024-10-14;mobile;66
2024-10-14;desktop;56
2024-10-14;tablet;1
2024-10-15;desktop;47
2024-10-15;mobile;47
2024-10-15;tablet;3
2024-10-16;mobile;55
2024-10-16;desktop;53
2024-10-16;tablet;1
2024-10-17;mobile;60
2024-10-17;desktop;56
2024-10-17;tablet;2
2024-10-18;desktop;52
2024-10-18;mobile;37
2024-10-18;tablet;1
2024-10-19;mobile;51
2024-10-19;desktop;29
2024-10-19;tablet;1
2024-10-20;mobile;54
2024-10-20;desktop;38
2024-10-20;tablet;3
2024-10-21;mobile;65
2024-10-21;desktop;61
2024-10-21;tablet;1
2024-10-22;mobile;60
2024-10-22;desktop;38
2024-10-22;tablet;1
2024-10-23;mobile;64
2024-10-23;desktop;37
2024-10-23;tablet;1
2024-10-24;desktop;59
2024-10-24;mobile;46
2024-10-24;tablet;1
2024-10-25;mobile;46
2024-10-25;desktop;39
2024-10-25;tablet;4
2024-10-26;mobile;60
2024-10-26;desktop;20
2024-10-26;tablet;1
2024-10-27;mobile;58
2024-10-27;desktop;51
2024-10-27;tablet;3
2024-10-28;desktop;61
2024-10-28;mobile;53
2024-10-28;tablet;3
2024-10-29;mobile;59
2024-10-29;desktop;52
2024-10-29;tablet;1
2024-10-30;desktop;52
2024-10-30;mobile;50
2024-10-30;tablet;2
2024-10-31;desktop;53
2024-10-31;mobile;46
2024-10-31;tablet;1
2024-11-01;mobile;39
2024-11-01;desktop;25
2024-11-02;desktop;56
2024-11-02;mobile;37
2024-11-02;tablet;1
2024-11-03;mobile;63
2024-11-03;desktop;35
2024-11-03;tablet;2
2024-11-04;mobile;92
2024-11-04;desktop;51
2024-11-04;tablet;3
2024-11-05;mobile;66
2024-11-05;desktop;55
2024-11-05;tablet;2
2024-11-06;mobile;66
2024-11-06;desktop;42
2024-11-06;tablet;2
2024-11-07;desktop;79
2024-11-07;mobile;63
2024-11-07;tablet;2
2024-11-08;mobile;76
2024-11-08;desktop;42
2024-11-08;tablet;1
2024-11-09;mobile;50
2024-11-09;desktop;24
2024-11-09;tablet;2
2024-11-10;mobile;73
2024-11-10;desktop;29
2024-11-10;tablet;2
2024-11-11;desktop;64
2024-11-11;mobile;62
2024-11-11;tablet;2
2024-11-12;mobile;73
2024-11-12;desktop;62
2024-11-12;tablet;1
2024-11-13;desktop;56
2024-11-13;mobile;54
2024-11-13;tablet;2
2024-11-14;mobile;63
2024-11-14;desktop;55
2024-11-15;mobile;68
2024-11-15;desktop;31
2024-11-15;tablet;2
2024-11-16;mobile;43
2024-11-16;desktop;28
2024-11-17;desktop;73
2024-11-17;mobile;64
2024-11-17;tablet;2
2024-11-18;mobile;46
2024-11-18;desktop;36
2024-11-18;tablet;2
2024-11-19;mobile;33
2024-11-19;desktop;25
2024-11-20;mobile;29
2024-11-20;desktop;17
2024-11-20;tablet;1
2024-11-21;mobile;41
2024-11-21;desktop;24
2024-11-21;tablet;4
2024-11-22;desktop;24
2024-11-22;mobile;22
2024-11-23;mobile;32
2024-11-23;desktop;23
2024-11-23;tablet;1
2024-11-24;mobile;29
2024-11-24;desktop;20
2024-11-25;mobile;46
2024-11-25;desktop;38
2024-11-25;tablet;1
2024-11-26;mobile;43
2024-11-26;desktop;25
2024-11-27;desktop;45
2024-11-27;mobile;21
2024-11-28;mobile;56
2024-11-28;desktop;52
2024-11-28;tablet;2
2024-11-29;mobile;63
2024-11-29;desktop;44
2024-11-29;tablet;7
2024-11-30;mobile;36
2024-11-30;desktop;21
2024-12-01;mobile;60
2024-12-01;desktop;30
2024-12-01;tablet;5
2024-12-02;desktop;60
2024-12-02;mobile;49
2024-12-02;tablet;2
2024-12-03;mobile;49
2024-12-03;desktop;45
2024-12-03;tablet;1
2024-12-04;desktop;59
2024-12-04;mobile;47
2024-12-04;tablet;1
2024-12-05;mobile;39
2024-12-05;desktop;36
2024-12-05;tablet;1
2024-12-06;desktop;53
2024-12-06;mobile;33
2024-12-06;tablet;2
2024-12-07;mobile;35
2024-12-07;desktop;21
2024-12-07;tablet;4
2024-12-08;mobile;50
2024-12-08;desktop;33
2024-12-09;desktop;60
2024-12-09;mobile;44
2024-12-09;tablet;1
2024-12-10;desktop;55
2024-12-10;mobile;44
2024-12-11;mobile;42
2024-12-11;desktop;36
2024-12-12;desktop;47
2024-12-12;mobile;45
2024-12-13;desktop;51
2024-12-13;mobile;50
2024-12-13;tablet;1
2024-12-14;mobile;85
2024-12-14;desktop;31
2024-12-14;tablet;3
2024-12-15;mobile;66
2024-12-15;desktop;40
2024-12-15;tablet;4
2024-12-16;desktop;72
2024-12-16;mobile;72
2024-12-16;tablet;3
2024-12-17;desktop;63
2024-12-17;mobile;59
2024-12-17;tablet;3
2024-12-18;desktop;68
2024-12-18;mobile;63
2024-12-18;tablet;1
2024-12-19;mobile;66
2024-12-19;desktop;54
2024-12-19;tablet;3
2024-12-20;mobile;64
2024-12-20;desktop;38
2024-12-21;mobile;60
2024-12-21;desktop;37
2024-12-21;tablet;5
2024-12-22;mobile;62
2024-12-22;desktop;40
2024-12-23;mobile;50
2024-12-23;desktop;38
2024-12-23;tablet;2
2024-12-24;mobile;59
2024-12-24;desktop;33
2024-12-25;mobile;57
2024-12-25;desktop;32
2024-12-26;mobile;66
2024-12-26;desktop;50
2024-12-26;tablet;4
2024-12-27;mobile;92
2024-12-27;desktop;48
2024-12-28;mobile;68
2024-12-28;desktop;29
2024-12-28;tablet;2
2024-12-29;mobile;78
2024-12-29;desktop;44
2024-12-29;tablet;2
2024-12-30;mobile;46
2024-12-30;desktop;36
2024-12-30;tablet;1
2024-12-31;mobile;39
2024-12-31;desktop;28
2024-12-31;tablet;1
2025-01-01;mobile;58
2025-01-01;desktop;24
2025-01-01;tablet;1
2025-01-02;mobile;47
2025-01-02;desktop;45
2025-01-02;tablet;1
2025-01-03;mobile;68
2025-01-03;desktop;41
2025-01-04;mobile;61
2025-01-04;desktop;16
2025-01-05;mobile;247
2025-01-05;desktop;72
2025-01-05;tablet;9
2025-01-06;mobile;78
2025-01-06;desktop;47
2025-01-06;tablet;6
2025-01-07;mobile;127
2025-01-07;desktop;64
2025-01-08;mobile;83
2025-01-08;desktop;59
2025-01-09;mobile;72
2025-01-09;desktop;65
2025-01-09;tablet;3
2025-01-10;mobile;58
2025-01-10;desktop;45
2025-01-10;tablet;3
2025-01-11;mobile;57
2025-01-11;desktop;50
2025-01-11;tablet;1
2025-01-12;mobile;108
2025-01-12;desktop;54
2025-01-12;tablet;2
2025-01-13;desktop;60
2025-01-13;mobile;50
2025-01-13;tablet;2
2025-01-14;mobile;73
2025-01-14;desktop;53
2025-01-14;tablet;2
2025-01-15;desktop;70
2025-01-15;mobile;57
2025-01-16;mobile;54
2025-01-16;desktop;44
2025-01-16;tablet;2
2025-01-17;mobile;45
2025-01-17;desktop;38
2025-01-18;mobile;38
2025-01-18;desktop;23
2025-01-18;tablet;2
2025-01-19;mobile;80
2025-01-19;desktop;36
2025-01-19;tablet;3
2025-01-20;mobile;90
2025-01-20;desktop;59
2025-01-20;tablet;1
2025-01-21;mobile;83
2025-01-21;desktop;45
2025-01-21;tablet;2
2025-01-22;desktop;58
2025-01-22;mobile;56
2025-01-22;tablet;3
2025-01-23;mobile;60
2025-01-23;desktop;48
2025-01-24;mobile;71
2025-01-24;desktop;63
2025-01-24;tablet;3
2025-01-25;mobile;61
2025-01-25;desktop;41
2025-01-25;tablet;3
2025-01-26;mobile;56
2025-01-26;desktop;40
2025-01-26;tablet;1
2025-01-27;desktop;56
2025-01-27;mobile;49
2025-01-28;mobile;60
2025-01-28;desktop;41
2025-01-28;tablet;3
2025-01-29;desktop;54
2025-01-29;mobile;38
2025-01-30;desktop;51
2025-01-30;mobile;40
2025-01-30;tablet;1
2025-01-31;mobile;37
2025-01-31;desktop;23
2025-01-31;tablet;2
2025-02-01;mobile;50
2025-02-01;desktop;32
2025-02-02;mobile;52
2025-02-02;desktop;33
2025-02-02;tablet;2
2025-02-03;desktop;69
2025-02-03;mobile;59
2025-02-03;tablet;1
2025-02-04;mobile;56
2025-02-04;desktop;48
2025-02-05;desktop;53
2025-02-05;mobile;50
2025-02-05;tablet;2
2025-02-06;desktop;58
2025-02-06;mobile;38
2025-02-06;tablet;3
2025-02-07;mobile;50
2025-02-07;desktop;48
2025-02-07;tablet;1
2025-02-08;mobile;67
2025-02-08;desktop;13
2025-02-09;mobile;66
2025-02-09;desktop;40
2025-02-09;tablet;1
2025-02-10;mobile;60
2025-02-10;desktop;52
2025-02-10;tablet;1
2025-02-11;mobile;67
2025-02-11;desktop;42
2025-02-12;mobile;62
2025-02-12;desktop;46
2025-02-13;mobile;52
2025-02-13;desktop;38
2025-02-13;tablet;1
2025-02-14;mobile;46
2025-02-14;desktop;41
2025-02-14;tablet;1
2025-02-15;mobile;49
2025-02-15;desktop;19
2025-02-15;tablet;1
2025-02-16;mobile;68
2025-02-16;desktop;40
2025-02-16;tablet;1
2025-02-17;mobile;69
2025-02-17;desktop;53
2025-02-17;tablet;1
2025-02-18;desktop;56
2025-02-18;mobile;48
2025-02-19;desktop;55
2025-02-19;mobile;46
2025-02-20;desktop;58
2025-02-20;mobile;45
2025-02-20;tablet;1
2025-02-21;desktop;50
2025-02-21;mobile;42
2025-02-21;tablet;3
2025-02-22;mobile;30
2025-02-22;desktop;21
2025-02-22;tablet;2
2025-02-23;mobile;57
2025-02-23;desktop;31
2025-02-23;tablet;1
2025-02-24;desktop;56
2025-02-24;mobile;42
2025-02-25;mobile;49
2025-02-25;desktop;46
2025-02-25;tablet;2
2025-02-26;desktop;70
2025-02-26;mobile;68
2025-02-26;tablet;1
2025-02-27;desktop;70
2025-02-27;mobile;61
2025-02-28;mobile;50
2025-02-28;desktop;39
2025-03-01;mobile;52
2025-03-01;desktop;25
2025-03-01;tablet;1
2025-03-02;mobile;32
2025-03-02;desktop;23
2025-03-03;mobile;53
2025-03-03;desktop;46
2025-03-04;desktop;69
2025-03-04;mobile;34
2025-03-04;tablet;3
2025-03-05;mobile;53
2025-03-05;desktop;52
2025-03-06;mobile;73
2025-03-06;desktop;38
2025-03-07;mobile;48
2025-03-07;desktop;35
2025-03-07;tablet;1
2025-03-08;mobile;32
2025-03-08;desktop;22
2025-03-09;mobile;50
2025-03-09;desktop;32
2025-03-09;tablet;1
2025-03-10;desktop;62
2025-03-10;mobile;60
2025-03-11;mobile;62
2025-03-11;desktop;61
2025-03-11;tablet;1
2025-03-12;mobile;46
2025-03-12;desktop;45
2025-03-12;tablet;4
2025-03-13;desktop;52
2025-03-13;mobile;46
2025-03-13;tablet;1
2025-03-14;mobile;49
2025-03-14;desktop;28
2025-03-14;tablet;1
2025-03-15;mobile;36
2025-03-15;desktop;15
2025-03-16;mobile;51
2025-03-16;desktop;24
2025-03-16;tablet;1
2025-03-17;mobile;50
2025-03-17;desktop;32
2025-03-18;mobile;43
2025-03-18;desktop;29
2025-03-18;tablet;1
2025-03-19;mobile;42
2025-03-19;desktop;38
2025-03-20;desktop;46
2025-03-20;mobile;42
2025-03-21;mobile;41
2025-03-21;desktop;35
2025-03-21;tablet;1
2025-03-22;mobile;46
2025-03-22;desktop;21
2025-03-22;tablet;4
2025-03-24;desktop;57
2025-03-24;mobile;43
2025-03-25;mobile;54
2025-03-25;desktop;34
2025-03-26;desktop;41
2025-03-26;mobile;36
2025-03-26;tablet;3
2025-03-27;mobile;62
2025-03-27;desktop;33
2025-03-28;desktop;34
2025-03-28;mobile;34
2025-03-28;tablet;2
2025-03-29;mobile;28
2025-03-29;desktop;18
2025-03-29;tablet;3
2025-03-30;mobile;28
2025-03-30;desktop;19
2025-03-30;tablet;4
2025-03-31;mobile;52
2025-03-31;desktop;32
2025-03-31;tablet;1
2025-04-01;mobile;40
2025-04-01;desktop;39
2025-04-02;mobile;46
2025-04-02;desktop;34
2025-04-02;tablet;2
2025-04-03;mobile;40
2025-04-03;desktop;31
2025-04-03;tablet;1
2025-04-04;desktop;45
2025-04-04;mobile;34
2025-04-04;tablet;2
2025-04-05;mobile;33
2025-04-05;desktop;22
2025-04-06;mobile;40
2025-04-06;desktop;25
2025-04-06;tablet;1
2025-04-07;desktop;46
2025-04-07;mobile;39
2025-04-07;tablet;2
2025-04-08;desktop;34
2025-04-08;mobile;34
2025-04-08;tablet;2
2025-04-09;desktop;61
2025-04-09;mobile;51
2025-04-09;tablet;2
2025-04-10;mobile;62
2025-04-10;desktop;42
2025-04-11;mobile;38
2025-04-11;desktop;35
2025-04-12;mobile;37
2025-04-12;desktop;11
2025-04-12;tablet;3
2025-04-13;mobile;53
2025-04-13;desktop;18
2025-04-13;tablet;4
2025-04-14;mobile;40
2025-04-14;desktop;34
2025-04-15;mobile;51
2025-04-15;desktop;36
2025-04-16;mobile;37
2025-04-16;desktop;30
2025-04-17;desktop;29
2025-04-17;mobile;29
2025-04-17;tablet;2
2025-04-18;mobile;33
2025-04-18;desktop;12
2025-04-18;tablet;2
2025-04-19;mobile;45
2025-04-19;desktop;8
2025-04-19;tablet;3
2025-04-20;mobile;47
2025-04-20;desktop;24
2025-04-21;mobile;51
2025-04-21;desktop;23
2025-04-21;tablet;5
2025-04-22;desktop;49
2025-04-22;mobile;44
2025-04-22;tablet;1
2025-04-23;mobile;47
2025-04-23;desktop;46
2025-04-23;tablet;3
2025-04-24;desktop;46
2025-04-24;mobile;32
2025-04-24;tablet;1
2025-04-25;mobile;51
2025-04-25;desktop;30
2025-04-26;mobile;44
2025-04-26;desktop;21
2025-04-27;mobile;40
2025-04-27;desktop;12
2025-04-27;tablet;5
2025-04-28;mobile;49
2025-04-28;desktop;33
2025-04-29;desktop;64
2025-04-29;mobile;50
2025-04-30;desktop;46
2025-04-30;mobile;22
2025-04-30;tablet;1
2025-05-01;mobile;48
2025-05-01;desktop;19
2025-05-01;tablet;1
2025-05-02;mobile;38
2025-05-02;desktop;29
2025-05-03;mobile;32
2025-05-03;desktop;11
2025-05-04;mobile;67
2025-05-04;desktop;20
2025-05-05;desktop;42
2025-05-05;mobile;40
2025-05-06;desktop;45
2025-05-06;mobile;41
2025-05-06;tablet;1
2025-05-07;mobile;49
2025-05-07;desktop;29
2025-05-08;mobile;55
2025-05-08;desktop;50
2025-05-08;tablet;2
2025-05-09;mobile;40
2025-05-09;desktop;28
2025-05-10;mobile;38
2025-05-10;desktop;12
2025-05-11;mobile;45
2025-05-11;desktop;22
2025-05-12;mobile;38
2025-05-12;desktop;33
2025-05-13;desktop;45
2025-05-13;mobile;45
2025-05-13;tablet;2
2025-05-14;mobile;44
2025-05-14;desktop;32
2025-05-15;mobile;48
2025-05-15;desktop;33
2025-05-15;tablet;2
2025-05-16;desktop;49
2025-05-16;mobile;33
2025-05-17;mobile;40
2025-05-17;desktop;9
2025-05-18;mobile;41
2025-05-18;desktop;24
2025-05-19;desktop;47
2025-05-19;mobile;41
2025-05-19;tablet;3
2025-05-20;desktop;46
2025-05-20;mobile;40
2025-05-21;mobile;51
2025-05-21;desktop;29
2025-05-21;tablet;3
2025-05-22;mobile;48
2025-05-22;desktop;38
2025-05-23;mobile;39
2025-05-23;desktop;31
2025-05-24;mobile;34
2025-05-24;desktop;12
2025-05-24;tablet;1
2025-05-25;mobile;34
2025-05-25;desktop;18
2025-05-25;tablet;1
2025-05-26;desktop;65
2025-05-26;mobile;58
2025-05-27;mobile;61
2025-05-27;desktop;28
2025-05-27;tablet;2
2025-05-28;mobile;27
2025-05-28;desktop;23
2025-05-29;mobile;36
2025-05-29;desktop;13
2025-05-30;mobile;39
2025-05-30;desktop;22
2025-05-30;tablet;2
2025-05-31;mobile;33
2025-05-31;desktop;19
2025-05-31;tablet;1
2025-06-01;mobile;39
2025-06-01;desktop;23
2025-06-01;tablet;3
2025-06-02;mobile;43
2025-06-02;desktop;36
2025-06-02;tablet;1
2025-06-03;mobile;61
2025-06-03;desktop;31
2025-06-03;tablet;3
2025-06-04;mobile;53
2025-06-04;desktop;36
2025-06-04;tablet;5
2025-06-05;desktop;54
2025-06-05;mobile;48
2025-06-06;mobile;44
2025-06-06;desktop;27
2025-06-06;tablet;1
2025-06-07;mobile;49
2025-06-07;desktop;19
2025-06-07;tablet;1
2025-06-08;mobile;36
2025-06-08;desktop;13
2025-06-09;mobile;46
2025-06-09;desktop;26
2025-06-09;tablet;5
2025-06-10;mobile;57
2025-06-10;desktop;38
2025-06-11;mobile;40
2025-06-11;desktop;38
2025-06-12;desktop;44
2025-06-12;mobile;36
2025-06-12;tablet;1
2025-06-13;mobile;36
2025-06-13;desktop;29
2025-06-13;tablet;2
2025-06-14;mobile;37
2025-06-14;desktop;10
2025-06-14;tablet;3
2025-06-15;mobile;37
2025-06-15;desktop;18
2025-06-15;tablet;2
2025-06-16;mobile;40
2025-06-16;desktop;24
2025-06-16;tablet;2
2025-06-17;mobile;60
2025-06-17;desktop;21
2025-06-17;tablet;1
2025-06-18;desktop;43
2025-06-18;mobile;36
2025-06-19;mobile;40
2025-06-19;desktop;31
2025-06-19;tablet;1
2025-06-20;mobile;36
2025-06-20;desktop;23
2025-06-21;mobile;39
2025-06-21;desktop;17
2025-06-21;tablet;3
2025-06-22;mobile;46
2025-06-22;desktop;18
2025-06-22;tablet;1
2025-06-23;mobile;55
2025-06-23;desktop;45
2025-06-23;tablet;3
2025-06-24;mobile;50
2025-06-24;desktop;33
2025-06-24;tablet;3
2025-06-25;desktop;46
2025-06-25;mobile;31
2025-06-25;tablet;3
2025-06-26;desktop;40
2025-06-26;mobile;34
2025-06-26;tablet;1
2025-06-27;mobile;43
2025-06-27;desktop;24
2025-06-27;tablet;3
2025-06-28;mobile;68
2025-06-28;desktop;11
2025-06-28;tablet;2
2025-06-29;mobile;67
2025-06-29;desktop;22
2025-06-30;desktop;46
2025-06-30;mobile;41
2025-06-30;tablet;1
2025-07-01;desktop;37
2025-07-01;mobile;22
