datum;seitenaufrufe;nutzer_insgesamt;durchschn_zeit_auf_der_seite;absprungrate;seiten_sitzung;durchschn_zeit_auf_der_seite_seconds;durchschn_zeit_auf_der_seite_days
2022-03-12;93.0;2;00:01:11;50.00%;46.5;71.0;0.0008217592592592593
2022-03-13;9.0;2;00:00:09;0.00%;4.5;9.0;0.00010416666666666667
2022-03-14;610.0;3;00:06:29;0.00%;67.78;389.0;0.004502314814814815
2022-03-15;1.381;2;00:05:56;100.00%;276.2;356.0;0.004120370370370371
2022-03-16;114.0;2;00:01:33;100.00%;57.0;93.0;0.0010763888888888889
2022-03-17;729.0;2;00:04:51;100.00%;145.8;291.0;0.0033680555555555556
2022-03-18;4.0;1;00:00:02;0.00%;4.0;2.0;2.3148148148148147e-05
2022-03-20;324.0;1;00:05:41;0.00%;64.8;341.0;0.003946759259259259
2022-03-21;1.547;2;00:11:59;0.00%;309.4;719.0;0.00832175925925926
2022-03-22;1.839;4;00:09:55;0.00%;229.88;595.0;0.0068865740740740745
2022-03-23;1.913;20;00:01:21;50.00%;79.71;81.0;0.0009375
2022-03-24;1.648;27;00:00:53;50.00%;54.93;53.0;0.0006134259259259259
2022-03-25;555.0;4;00:03:58;0.00%;61.67;238.0;0.0027546296296296294
2022-03-29;367.0;2;00:04:35;0.00%;122.33;275.0;0.00318287037037037
2022-03-30;90.0;4;00:01:18;40.00%;18.0;78.0;0.0009027777777777777
2022-03-31;9.0;2;00:00:07;66.67%;3.0;7.0;8.101851851851852e-05
2022-04-11;28.0;1;00:01:51;0.00%;28.0;111.0;0.0012847222222222223
2022-04-12;2.0;1;00:00:00;0.00%;2.0;0.0;0.0
2022-04-22;30.0;1;Keine Daten;0.00%;15.0;;
2022-04-25;112.0;1;00:03:44;0.00%;112.0;224.0;0.0025925925925925925
2022-04-26;1.0;1;00:00:07;0.00%;1.0;7.0;8.101851851851852e-05
2022-05-09;283.0;1;00:06:33;0.00%;283.0;393.0;0.004548611111111111
2022-05-10;0.0;1;00:00:00;100.00%;0.0;0.0;0.0
2022-05-11;339.0;3;00:03:31;0.00%;67.8;211.0;0.0024421296296296296
2022-05-12;152.0;3;00:02:52;0.00%;50.67;172.0;0.001990740740740741
2022-05-13;175.0;3;00:01:44;0.00%;58.33;104.0;0.0012037037037037038
2022-05-15;133.0;12;00:01:54;23.53%;7.82;114.0;0.0013194444444444445
2022-05-16;206.0;33;00:01:48;23.81%;4.9;108.0;0.00125
2022-05-17;236.0;28;00:01:51;25.00%;6.56;111.0;0.0012847222222222223
2022-05-18;136.0;23;00:01:40;25.81%;4.39;100.0;0.0011574074074074073
2022-05-19;121.0;20;00:02:06;17.39%;5.26;126.0;0.0014583333333333334
2022-05-20;188.0;18;00:00:49;33.33%;10.44;49.0;0.0005671296296296297
2022-05-21;47.0;10;00:03:16;50.00%;4.7;196.0;0.0022685185185185187
2022-05-22;143.0;39;00:00:56;37.21%;3.33;56.0;0.0006481481481481481
2022-05-23;115.0;27;00:01:35;45.45%;3.48;95.0;0.001099537037037037
2022-05-24;193.0;36;00:01:41;32.61%;4.2;101.0;0.0011689814814814816
2022-05-25;138.0;22;00:02:33;18.52%;5.11;153.0;0.0017708333333333332
2022-05-26;233.0;27;00:02:21;33.33%;6.47;141.0;0.0016319444444444445
2022-05-28;137.0;21;00:02:01;32.00%;5.48;121.0;0.001400462962962963
2022-05-29;141.0;21;00:02:12;17.39%;6.13;132.0;0.0015277777777777779
2022-05-30;67.0;19;00:01:19;41.67%;2.79;79.0;0.0009143518518518518
2022-05-31;94.0;24;00:01:16;24.00%;3.76;76.0;0.0008796296296296296
2022-06-01;90.0;21;00:01:26;33.33%;3.75;86.0;0.0009953703703703704
2022-06-02;174.0;24;00:01:59;23.33%;5.8;119.0;0.0013773148148148147
2022-06-03;32.0;11;00:01:01;50.00%;2.67;61.0;0.0007060185185185185
2022-06-04;112.0;27;00:02:05;39.29%;4.0;125.0;0.0014467592592592592
2022-06-05;129.0;22;00:02:00;17.86%;4.61;120.0;0.001388888888888889
2022-06-06;95.0;18;00:02:12;9.52%;4.52;132.0;0.0015277777777777779
2022-06-07;184.0;30;00:01:55;40.54%;4.97;115.0;0.0013310185185185185
2022-06-08;33.0;9;00:00:27;61.54%;2.54;27.0;0.0003125
2022-06-09;55.0;15;00:02:55;60.00%;2.75;175.0;0.002025462962962963
2022-06-10;154.0;21;00:01:58;32.26%;4.97;118.0;0.0013657407407407407
2022-06-11;50.0;9;00:01:31;56.25%;3.13;91.0;0.0010532407407407407
2022-06-12;50.0;16;00:01:33;52.63%;3.16;93.0;0.0010763888888888889
2022-06-13;111.0;15;00:01:46;42.86%;5.29;106.0;0.0012268518518518518
2022-06-15;135.0;24;00:01:08;33.33%;5.0;68.0;0.000787037037037037
2022-06-16;53.0;14;00:00:43;13.33%;3.53;43.0;0.0004976851851851852
2022-06-17;43.0;10;00:01:19;27.27%;3.91;79.0;0.0009143518518518518
2022-06-18;69.0;6;00:04:55;12.50%;8.63;295.0;0.003414351851851852
2022-06-19;73.0;9;00:07:24;46.15%;5.62;444.0;0.005138888888888889
2022-06-20;62.0;14;00:03:15;33.33%;4.13;195.0;0.0022569444444444442
2022-06-21;85.0;16;00:01:47;20.00%;4.25;107.0;0.001238425925925926
2022-06-22;73.0;9;00:01:38;35.71%;5.21;98.0;0.0011342592592592593
2022-06-23;43.0;12;00:01:36;29.41%;2.53;96.0;0.0011111111111111111
2022-06-24;138.0;13;00:02:16;35.71%;9.86;136.0;0.001574074074074074
2022-06-25;20.0;5;00:00:10;28.57%;2.86;10.0;0.00011574074074074075
2022-06-26;51.0;11;00:01:07;62.50%;3.19;67.0;0.0007754629629629629
2022-06-27;167.0;16;00:02:54;17.65%;9.82;174.0;0.002013888888888889
2022-06-28;32.0;8;00:00:44;61.54%;2.46;44.0;0.0005092592592592592
2022-06-29;44.0;11;00:01:29;56.25%;2.75;89.0;0.0010300925925925926
2022-06-30;17.0;5;00:01:31;40.00%;3.4;91.0;0.0010532407407407407
2022-07-01;69.0;16;00:01:03;59.09%;3.14;63.0;0.0007291666666666667
2022-07-02;61.0;12;00:01:18;33.33%;4.07;78.0;0.0009027777777777777
2022-07-03;35.0;11;00:01:06;46.15%;2.69;66.0;0.0007638888888888889
2022-07-05;3.0;3;00:00:48;66.67%;1.0;48.0;0.0005555555555555556
2022-07-06;111.0;12;00:01:02;42.86%;7.93;62.0;0.0007175925925925926
2022-07-07;54.0;9;00:03:00;36.36%;4.91;180.0;0.0020833333333333333
2022-07-08;27.0;12;00:01:12;53.33%;4.91;72.0;0.0008333333333333334
2022-07-09;30.0;6;00:01:33;33.33%;5.0;93.0;0.0010763888888888889
2022-07-10;74.0;10;00:02:09;41.67%;6.17;129.0;0.0014930555555555556
2022-07-11;109.0;9;00:02:40;9.09%;9.91;160.0;0.001851851851851852
2022-07-12;230.0;34;00:03:21;34.78%;5.0;201.0;0.0023263888888888887
2022-07-13;218.0;26;00:01:16;43.75%;6.81;76.0;0.0008796296296296296
2022-07-14;35.0;18;00:00:32;57.14%;1.67;32.0;0.00037037037037037035
2022-07-15;52.0;19;00:00:44;50.00%;2.36;44.0;0.0005092592592592592
2022-07-16;108.0;18;00:01:47;27.78%;6.0;107.0;0.001238425925925926
2022-07-17;55.0;17;00:00:54;42.11%;2.89;54.0;0.000625
2022-07-18;216.0;45;00:01:19;43.28%;3.22;79.0;0.0009143518518518518
2022-07-19;180.0;23;00:02:12;15.38%;6.92;132.0;0.0015277777777777779
2022-07-20;78.0;23;00:01:14;38.10%;3.71;74.0;0.0008564814814814815
2022-07-21;69.0;17;00:01:50;40.00%;3.45;110.0;0.0012731481481481483
2022-07-22;43.0;15;00:00:48;20.00%;2.87;48.0;0.0005555555555555556
2022-07-23;38.0;13;00:02:22;38.46%;2.92;142.0;0.0016435185185185185
2022-07-24;78.0;8;00:01:49;50.00%;6.5;109.0;0.001261574074074074
2022-07-25;227.0;21;00:02:18;24.14%;7.83;138.0;0.0015972222222222223
2022-07-26;146.0;21;00:02:14;23.33%;4.87;134.0;0.0015509259259259259
2022-07-27;188.0;34;00:01:54;42.86%;4.48;114.0;0.0013194444444444445
2022-07-28;52.0;9;00:01:20;44.44%;5.78;80.0;0.000925925925925926
2022-07-29;23.0;10;00:01:07;76.92%;1.77;67.0;0.0007754629629629629
2022-07-30;382.0;7;00:01:20;50.00%;47.75;80.0;0.000925925925925926
2022-07-31;28.0;10;00:01:10;27.27%;2.55;70.0;0.0008101851851851852
2022-08-01;41.0;15;00:00:22;40.00%;2.73;22.0;0.0002546296296296296
2022-08-02;50.0;9;00:00:36;41.67%;4.17;36.0;0.0004166666666666667
2022-08-03;189.0;11;00:01:22;35.71%;13.5;82.0;0.0009490740740740741
2022-08-04;60.0;10;00:01:38;26.32%;3.16;98.0;0.0011342592592592593
2022-08-05;117.0;21;00:01:12;38.71%;3.77;72.0;0.0008333333333333334
2022-08-06;28.0;6;00:00:45;28.57%;4.0;45.0;0.0005208333333333333
2022-08-07;80.0;10;00:00:53;26.67%;5.33;53.0;0.0006134259259259259
2022-08-08;115.0;24;00:02:19;41.18%;3.38;139.0;0.0016087962962962963
2022-08-09;50.0;12;00:01:59;31.25%;3.13;119.0;0.0013773148148148147
2022-08-10;88.0;13;00:05:52;25.00%;4.4;352.0;0.004074074074074074
2022-08-11;203.0;14;00:03:21;31.58%;10.68;201.0;0.0023263888888888887
2022-08-12;67.0;9;00:01:33;36.36%;6.09;93.0;0.0010763888888888889
2022-08-13;25.0;6;00:01:28;50.00%;4.17;88.0;0.0010185185185185184
2022-08-14;52.0;11;00:00:57;35.29%;3.06;57.0;0.0006597222222222222
2022-08-15;87.0;13;00:02:03;26.32%;4.58;123.0;0.0014236111111111112
2022-08-16;42.0;11;00:02:00;38.46%;3.23;120.0;0.001388888888888889
2022-08-17;46.0;11;00:01:47;46.15%;3.54;107.0;0.001238425925925926
2022-08-18;96.0;15;00:02:20;33.33%;4.57;140.0;0.0016203703703703703
2022-08-19;37.0;12;00:01:57;64.29%;2.64;117.0;0.0013541666666666667
2022-08-20;40.0;11;00:04:06;41.67%;3.33;246.0;0.0028472222222222223
2022-08-21;68.0;16;00:01:14;47.06%;4.0;74.0;0.0008564814814814815
2022-08-22;58.0;14;00:01:02;100.00%;3.41;62.0;0.0007175925925925926
2022-08-23;10.0;6;00:00:24;100.00%;1.67;24.0;0.0002777777777777778
2022-08-24;143.0;20;00:02:07;100.00%;6.5;127.0;0.0014699074074074074
2022-08-25;32.0;10;00:00:38;100.00%;2.67;38.0;0.0004398148148148148
2022-08-26;43.0;9;00:01:08;100.00%;4.78;68.0;0.000787037037037037
2022-08-27;59.0;14;00:00:43;43.75%;3.69;43.0;0.0004976851851851852
2022-08-28;105.0;15;00:03:29;40.00%;5.25;209.0;0.0024189814814814816
2022-08-29;58.0;8;00:02:55;25.00%;4.83;175.0;0.002025462962962963
2022-08-30;108.0;9;00:01:34;11.11%;12.0;94.0;0.0010879629629629629
2022-08-31;9.0;3;00:02:33;50.00%;2.25;153.0;0.0017708333333333332
2022-09-01;281.0;17;00:02:33;20.69%;9.69;153.0;0.0017708333333333332
2022-09-02;124.0;13;00:03:01;42.86%;5.9;181.0;0.0020949074074074073
2022-09-03;28.0;11;00:01:14;38.46%;2.15;74.0;0.0008564814814814815
2022-09-04;32.0;4;00:01:06;25.00%;4.0;66.0;0.0007638888888888889
2022-09-05;30.0;10;00:01:00;27.27%;2.73;60.0;0.0006944444444444445
2022-09-06;53.0;11;00:02:27;30.77%;4.08;147.0;0.0017013888888888888
2022-09-07;53.0;11;00:02:57;35.71%;3.79;177.0;0.0020486111111111113
2022-09-08;131.0;12;00:04:02;28.57%;9.36;242.0;0.002800925925925926
2022-09-09;41.0;13;00:00:34;21.43%;2.93;34.0;0.0003935185185185185
2022-09-10;47.0;7;00:01:37;25.00%;5.88;97.0;0.0011226851851851851
2022-09-11;58.0;7;00:01:22;33.33%;6.44;82.0;0.0009490740740740741
2022-09-12;79.0;17;00:01:14;28.57%;3.76;74.0;0.0008564814814814815
2022-09-13;225.0;20;00:02:14;38.46%;8.65;134.0;0.0015509259259259259
2022-09-14;181.0;23;00:02:23;43.75%;5.66;143.0;0.0016550925925925926
2022-09-15;117.0;21;00:01:12;50.00%;3.66;72.0;0.0008333333333333334
2022-09-16;66.0;11;00:01:54;18.75%;4.13;114.0;0.0013194444444444445
2022-09-17;37.0;13;00:01:15;46.15%;2.85;75.0;0.0008680555555555555
2022-09-18;64.0;14;00:01:27;61.11%;3.56;87.0;0.0010069444444444444
2022-09-19;42.0;15;00:00:43;37.50%;2.63;43.0;0.0004976851851851852
2022-09-20;43.0;7;00:00:45;22.22%;4.78;45.0;0.0005208333333333333
2022-09-21;95.0;13;00:01:48;38.89%;5.28;108.0;0.00125
2022-09-22;63.0;12;00:02:00;15.38%;4.85;120.0;0.001388888888888889
2022-09-23;79.0;11;00:02:52;20.00%;5.27;172.0;0.001990740740740741
2022-09-24;12.0;7;00:00:23;57.14%;1.71;23.0;0.0002662037037037037
2022-09-25;12.0;5;00:02:21;20.00%;4.2;141.0;0.0016319444444444445
2022-09-26;167.0;23;00:01:56;40.00%;5.57;116.0;0.0013425925925925925
2022-09-27;241.0;24;00:02:25;24.24%;7.3;145.0;0.0016782407407407408
2022-09-28;44.0;15;00:00:51;54.55%;2.0;51.0;0.0005902777777777778
2022-09-29;74.0;18;00:00:53;51.61%;2.39;53.0;0.0006134259259259259
2022-09-30;164.0;15;00:02:14;35.29%;9.65;134.0;0.0015509259259259259
2022-10-01;64.0;7;00:02:21;25.00%;8.0;141.0;0.0016319444444444445
2022-10-02;67.0;9;00:03:32;33.33%;5.58;212.0;0.0024537037037037036
2022-10-03;46.0;13;00:01:06;33.33%;3.07;66.0;0.0007638888888888889
2022-10-04;201.0;19;00:02:53;30.77%;7.73;173.0;0.002002314814814815
2022-10-05;181.0;27;00:02:17;34.15%;4.41;137.0;0.001585648148148148
2022-10-06;217.0;18;00:04:09;23.08%;8.35;249.0;0.0028819444444444444
2022-10-07;170.0;24;00:03:23;34.15%;4.15;203.0;0.002349537037037037
2022-10-08;122.0;21;00:01:36;46.15%;4.69;96.0;0.0011111111111111111
2022-10-09;237.0;26;00:02:32;35.00%;5.93;152.0;0.0017592592592592592
2022-10-10;315.0;65;00:01:51;25.35%;4.44;111.0;0.0012847222222222223
2022-10-11;382.0;49;00:02:30;36.67%;6.37;150.0;0.001736111111111111
2022-10-12;256.0;32;00:02:39;35.71%;6.1;159.0;0.0018402777777777777
2022-10-14;228.0;26;00:03:42;35.29%;6.71;222.0;0.0025694444444444445
2022-10-15;95.0;11;00:03:21;23.08%;7.31;201.0;0.0023263888888888887
2022-10-16;128.0;12;00:02:31;27.78%;7.11;151.0;0.0017476851851851852
2022-10-17;141.0;42;00:01:14;41.18%;2.76;74.0;0.0008564814814814815
2022-10-18;118.0;24;00:01:32;47.06%;3.47;92.0;0.0010648148148148149
2022-10-19;100.0;20;00:01:21;41.67%;4.17;81.0;0.0009375
2022-10-20;61.0;14;00:02:42;23.53%;3.59;162.0;0.001875
2022-10-21;50.0;17;00:01:40;55.00%;2.5;100.0;0.0011574074074074073
2022-10-22;82.0;11;00:00:48;13.33%;5.47;48.0;0.0005555555555555556
2022-10-23;156.0;21;00:02:20;37.93%;5.38;140.0;0.0016203703703703703
2022-10-24;156.0;23;00:01:28;31.03%;3.41;88.0;0.0010185185185185184
2022-10-26;164.0;30;00:02:19;39.39%;4.97;139.0;0.0016087962962962963
2022-10-28;52.0;16;00:01:23;50.00%;2.6;83.0;0.0009606481481481482
2022-10-29;47.0;12;00:00:18;56.25%;2.94;18.0;0.00020833333333333335
2022-10-30;67.0;13;00:01:15;42.31%;2.58;75.0;0.0008680555555555555
2022-10-31;93.0;13;00:02:27;35.29%;5.47;147.0;0.0017013888888888888
2022-11-01;128.0;19;00:01:54;40.74%;4.74;114.0;0.0013194444444444445
2022-11-02;106.0;40;00:01:38;26.67%;2.36;98.0;0.0011342592592592593
2022-11-03;395.0;19;00:02:04;34.62%;15.19;124.0;0.0014351851851851852
2022-11-04;160.0;21;00:02:24;42.31%;6.15;144.0;0.0016666666666666668
2022-11-05;40.0;9;00:02:37;45.45%;3.64;157.0;0.0018171296296296297
2022-11-06;53.0;13;00:03:23;23.08%;4.08;203.0;0.002349537037037037
2022-11-07;299.0;23;00:01:52;25.71%;8.54;112.0;0.0012962962962962963
2022-11-08;202.0;28;00:02:02;35.14%;5.46;122.0;0.001412037037037037
2022-11-09;230.0;38;00:02:53;36.96%;5.0;173.0;0.002002314814814815
2022-11-10;134.0;23;00:02:49;27.78%;3.72;169.0;0.0019560185185185184
2022-11-11;224.0;41;00:01:40;27.45%;4.39;100.0;0.0011574074074074073
2022-11-12;79.0;19;00:00:53;42.86%;3.76;53.0;0.0006134259259259259
2022-11-13;102.0;25;00:01:30;27.59%;3.52;90.0;0.0010416666666666667
2022-11-14;101.0;25;00:01:10;27.59%;3.48;70.0;0.0008101851851851852
2022-11-15;272.0;24;00:01:33;28.13%;8.5;93.0;0.0010763888888888889
2022-11-16;87.0;23;00:00:44;44.44%;3.22;44.0;0.0005092592592592592
2022-11-17;126.0;26;00:01:13;30.56%;3.5;73.0;0.0008449074074074074
2022-11-18;29.0;11;00:00:48;38.46%;2.23;48.0;0.0005555555555555556
2022-11-19;46.0;10;00:02:00;33.33%;3.07;120.0;0.001388888888888889
2022-11-20;37.0;7;00:01:42;0.00%;4.11;102.0;0.0011805555555555556
2022-11-21;114.0;30;00:03:13;8.16%;2.33;193.0;0.0022337962962962962
2022-11-22;72.0;14;00:01:41;0.00%;5.14;101.0;0.0011689814814814816
2022-11-23;43.0;15;00:00:59;0.00%;2.53;59.0;0.0006828703703703704
2022-11-24;78.0;21;00:00:59;3.45%;2.69;59.0;0.0006828703703703704
2022-11-25;49.0;10;00:01:54;9.09%;4.45;114.0;0.0013194444444444445
2022-11-26;75.0;9;00:06:43;0.00%;6.82;403.0;0.004664351851851852
2022-11-27;92.0;18;00:02:18;0.00%;4.38;138.0;0.0015972222222222223
2022-11-28;150.0;37;00:00:47;4.55%;3.41;47.0;0.0005439814814814814
2022-11-29;174.0;15;00:01:30;0.00%;10.24;90.0;0.0010416666666666667
2022-11-30;154.0;18;00:02:19;8.00%;6.16;139.0;0.0016087962962962963
2022-12-01;89.0;21;00:01:56;3.33%;2.97;116.0;0.0013425925925925925
2022-12-02;58.0;17;00:01:34;14.29%;2.76;94.0;0.0010879629629629629
2022-12-03;58.0;10;00:00:24;7.14%;1.57;24.0;0.0002777777777777778
2022-12-04;121.0;12;00:01:28;0.00%;8.07;88.0;0.0010185185185185184
2022-12-05;109.0;27;00:01:37;12.12%;3.3;97.0;0.0011226851851851851
2022-12-06;204.0;24;00:02:18;5.88%;6.0;138.0;0.0015972222222222223
2022-12-07;64.0;16;00:01:36;4.76%;3.05;96.0;0.0011111111111111111
2022-12-08;56.0;15;00:00:54;9.09%;2.55;54.0;0.000625
2022-12-09;43.0;11;00:01:47;15.38%;3.31;107.0;0.001238425925925926
2022-12-10;43.0;13;00:01:28;11.76%;2.53;88.0;0.0010185185185185184
2022-12-11;68.0;9;00:02:20;9.09%;6.18;140.0;0.0016203703703703703
2022-12-12;352.0;18;00:04:03;5.00%;17.6;243.0;0.0028125
2022-12-13;133.0;17;00:01:41;12.50%;5.54;101.0;0.0011689814814814816
2022-12-14;331.0;26;00:02:57;0.00%;9.19;177.0;0.0020486111111111113
2022-12-15;253.0;14;00:01:29;10.53%;13.32;89.0;0.0010300925925925926
2022-12-16;146.0;20;00:01:12;12.00%;5.84;72.0;0.0008333333333333334
2022-12-17;80.0;14;00:01:46;5.56%;4.44;106.0;0.0012268518518518518
2022-12-18;42.0;10;00:01:17;0.00%;3.5;77.0;0.0008912037037037037
2022-12-19;211.0;36;00:02:33;0.00%;4.91;153.0;0.0017708333333333332
2022-12-20;137.0;27;00:02:48;5.88%;4.03;168.0;0.0019444444444444444
2022-12-21;75.0;18;00:02:44;8.33%;3.13;164.0;0.0018981481481481482
2022-12-22;31.0;10;00:00:40;0.00%;2.58;40.0;0.000462962962962963
2022-12-23;70.0;14;00:01:21;0.00%;4.67;81.0;0.0009375
2022-12-24;18.0;10;00:00:13;0.00%;1.64;13.0;0.00015046296296296297
2022-12-25;33.0;4;00:03:49;25.00%;8.25;229.0;0.002650462962962963
2022-12-26;13.0;6;00:00:15;0.00%;1.86;15.0;0.00017361111111111112
2022-12-27;138.0;13;00:03:22;0.00%;6.9;202.0;0.002337962962962963
2022-12-28;892.0;12;00:07:57;10.53%;46.95;477.0;0.005520833333333333
2022-12-29;146.0;14;00:02:06;0.00%;9.73;126.0;0.0014583333333333334
2022-12-30;69.0;11;00:02:28;0.00%;4.31;148.0;0.001712962962962963
2022-12-31;19.0;7;00:00:30;0.00%;2.71;30.0;0.00034722222222222224
2023-01-01;20.0;6;00:01:02;0.00%;2.86;62.0;0.0007175925925925926
2023-01-02;434.0;15;00:04:38;5.56%;24.11;278.0;0.0032175925925925926
2023-01-03;120.0;18;00:02:47;4.76%;5.71;167.0;0.0019328703703703704
2023-01-04;284.0;32;00:01:54;17.50%;7.1;114.0;0.0013194444444444445
2023-01-06;112.0;18;00:02:10;12.50%;4.67;130.0;0.0015046296296296296
2023-01-07;36.0;11;00:01:19;8.33%;3.0;79.0;0.0009143518518518518
2023-01-08;30.0;6;00:02:49;0.00%;4.29;169.0;0.0019560185185185184
2023-01-09;276.0;30;00:03:02;4.76%;6.57;182.0;0.0021064814814814813
2023-01-10;122.0;23;00:01:21;4.00%;4.88;81.0;0.0009375
2023-01-11;485.0;26;00:03:00;3.13%;15.16;180.0;0.0020833333333333333
2023-01-12;554.0;54;00:02:34;7.25%;8.03;154.0;0.0017824074074074075
2023-01-13;44.0;20;00:00:29;0.00%;2.2;29.0;0.0003356481481481481
2023-01-14;103.0;11;00:01:55;0.00%;6.44;115.0;0.0013310185185185185
2023-01-15;52.0;6;00:01:52;9.09%;4.73;112.0;0.0012962962962962963
2023-01-16;159.0;29;00:02:18;5.41%;4.3;138.0;0.0015972222222222223
2023-01-17;127.0;26;00:01:27;6.45%;4.1;87.0;0.0010069444444444444
2023-01-18;91.0;17;00:03:06;10.00%;4.55;186.0;0.0021527777777777778
2023-01-19;114.0;18;00:01:56;8.00%;4.56;116.0;0.0013425925925925925
2023-01-20;119.0;23;00:01:30;3.45%;4.1;90.0;0.0010416666666666667
2023-01-21;133.0;21;00:01:49;8.70%;5.78;109.0;0.001261574074074074
2023-01-22;113.0;21;00:02:21;8.33%;4.71;141.0;0.0016319444444444445
2023-01-23;155.0;33;00:01:53;0.00%;4.19;113.0;0.0013078703703703703
2023-01-24;160.0;24;00:02:53;10.34%;5.52;173.0;0.002002314814814815
2023-01-25;145.0;21;00:03:13;3.57%;5.18;193.0;0.0022337962962962962
2023-01-27;105.0;29;00:01:17;8.11%;2.84;77.0;0.0008912037037037037
2023-01-28;67.0;15;00:01:36;4.55%;3.05;96.0;0.0011111111111111111
2023-01-29;110.0;27;00:00:46;0.00%;3.79;46.0;0.0005324074074074074
2023-01-30;122.0;27;00:01:20;7.69%;3.13;80.0;0.000925925925925926
2023-01-31;234.0;60;00:01:47;5.56%;3.25;107.0;0.001238425925925926
2023-02-01;98.0;27;00:01:19;6.45%;3.16;79.0;0.0009143518518518518
2023-02-02;239.0;34;00:02:07;13.33%;5.31;127.0;0.0014699074074074074
2023-02-03;134.0;22;00:03:13;7.69%;5.15;193.0;0.0022337962962962962
2023-02-04;170.0;17;00:01:30;4.55%;7.73;90.0;0.0010416666666666667
2023-02-05;128.0;13;00:02:56;6.25%;8.0;176.0;0.002037037037037037
2023-02-06;160.0;29;00:01:45;5.41%;4.32;105.0;0.0012152777777777778
2023-02-07;110.0;18;00:01:55;4.55%;5.0;115.0;0.0013310185185185185
2023-02-08;76.0;12;00:01:50;11.76%;4.47;110.0;0.0012731481481481483
2023-02-09;154.0;25;00:03:01;12.50%;4.81;181.0;0.0020949074074074073
2023-02-10;98.0;16;00:01:30;10.00%;4.9;90.0;0.0010416666666666667
2023-02-11;42.0;10;00:01:11;0.00%;3.0;71.0;0.0008217592592592593
2023-02-12;97.0;12;00:01:59;6.67%;6.47;119.0;0.0013773148148148147
2023-02-13;100.0;23;00:02:54;6.67%;3.33;174.0;0.002013888888888889
2023-02-14;91.0;16;00:01:25;25.00%;4.55;85.0;0.0009837962962962962
2023-02-15;104.0;20;00:02:23;4.35%;4.52;143.0;0.0016550925925925926
2023-02-16;243.0;29;00:01:40;17.14%;6.94;100.0;0.0011574074074074073
2023-02-17;165.0;22;00:02:38;3.45%;5.69;158.0;0.0018287037037037037
2023-02-18;72.0;17;00:02:38;4.17%;3.0;158.0;0.0018287037037037037
2023-02-19;234.0;31;00:02:56;2.00%;4.68;176.0;0.002037037037037037
2023-02-20;169.0;33;00:01:22;11.11%;3.76;82.0;0.0009490740740740741
2023-02-21;85.0;19;00:01:04;13.04%;3.7;64.0;0.0007407407407407407
2023-02-22;99.0;21;00:01:06;3.13%;3.09;66.0;0.0007638888888888889
2023-02-23;310.0;35;00:02:14;6.12%;6.33;134.0;0.0015509259259259259
2023-02-24;96.0;20;00:02:15;3.33%;3.2;135.0;0.0015625
2023-02-25;77.0;15;00:01:40;0.00%;5.13;100.0;0.0011574074074074073
2023-02-26;49.0;14;00:00:46;6.25%;3.06;46.0;0.0005324074074074074
2023-02-27;187.0;29;00:02:30;5.13%;4.79;150.0;0.001736111111111111
2023-02-28;91.0;20;00:01:27;3.85%;3.5;87.0;0.0010069444444444444
2023-03-01;121.0;21;00:01:31;10.34%;4.17;91.0;0.0010532407407407407
2023-03-02;87.0;21;00:01:14;14.81%;3.22;74.0;0.0008564814814814815
2023-03-03;87.0;21;00:01:14;14.81%;3.22;74.0;0.0008564814814814815
2023-03-04;28.0;9;00:00:42;0.00%;2.8;42.0;0.0004861111111111111
2023-03-05;32.0;13;00:00:41;7.14%;2.29;41.0;0.00047453703703703704
2023-03-07;196.0;25;00:01:59;0.00%;5.6;119.0;0.0013773148148148147
2023-03-08;203.0;24;00:03:21;9.38%;6.34;201.0;0.0023263888888888887
2023-03-09;142.0;25;00:01:06;3.23%;4.58;66.0;0.0007638888888888889
2023-03-10;49.0;12;00:00:42;20.00%;3.27;42.0;0.0004861111111111111
2023-03-11;81.0;16;00:03:23;0.00%;4.05;203.0;0.002349537037037037
2023-03-12;173.0;18;00:03:01;8.70%;7.52;181.0;0.0020949074074074073
2023-03-13;133.0;24;00:03:24;10.71%;4.75;204.0;0.002361111111111111
2023-03-14;328.0;41;00:01:58;8.00%;6.56;118.0;0.0013657407407407407
2023-03-15;310.0;57;00:02:52;7.58%;4.7;172.0;0.001990740740740741
2023-03-16;142.0;38;00:01:29;8.70%;3.09;89.0;0.0010300925925925926
2023-03-17;81.0;33;00:00:57;2.94%;2.38;57.0;0.0006597222222222222
2023-03-18;139.0;37;00:02:16;6.67%;3.09;136.0;0.001574074074074074
2023-03-19;219.0;53;00:01:29;5.17%;3.78;89.0;0.0010300925925925926
2023-03-20;221.0;61;00:00:43;9.72%;3.07;43.0;0.0004976851851851852
2023-03-21;262.0;63;00:02:12;2.74%;3.59;132.0;0.0015277777777777779
2023-03-22;215.0;48;00:01:20;3.39%;3.64;80.0;0.000925925925925926
2023-03-23;195.0;50;00:01:23;8.33%;3.25;83.0;0.0009606481481481482
2023-03-24;177.0;49;00:01:28;7.81%;2.77;88.0;0.0010185185185185184
2023-03-25;167.0;51;00:01:32;6.90%;2.88;92.0;0.0010648148148148149
2023-03-26;262.0;54;00:02:27;1.64%;4.3;147.0;0.0017013888888888888
2023-03-27;392.0;91;00:01:29;4.00%;3.92;89.0;0.0010300925925925926
2023-03-28;343.0;84;00:01:47;5.94%;3.4;107.0;0.001238425925925926
2023-03-29;269.0;63;00:01:39;9.72%;3.74;99.0;0.0011458333333333333
2023-03-30;225.0;52;00:01:24;3.23%;3.63;84.0;0.0009722222222222222
2023-03-31;231.0;53;00:01:38;8.33%;3.85;98.0;0.0011342592592592593
2023-04-01;235.0;50;00:02:12;8.47%;3.98;132.0;0.0015277777777777779
2023-04-02;244.0;56;00:01:56;4.92%;4.0;116.0;0.0013425925925925925
2023-04-03;229.0;78;00:00:56;2.20%;2.52;56.0;0.0006481481481481481
2023-04-04;208.0;53;00:01:53;4.69%;3.25;113.0;0.0013078703703703703
2023-04-05;120.0;19;00:01:44;0.00%;4.62;104.0;0.0012037037037037038
2023-04-07;142.0;12;00:05:28;7.14%;10.14;328.0;0.0037962962962962963
2023-04-08;161.0;14;00:03:02;5.88%;9.47;182.0;0.0021064814814814813
2023-04-09;148.0;19;00:03:17;5.00%;7.4;197.0;0.0022800925925925927
2023-04-10;33.0;7;00:00:35;12.50%;4.13;35.0;0.0004050925925925926
2023-04-11;125.0;18;00:03:39;17.39%;5.43;219.0;0.002534722222222222
2023-04-12;158.0;22;00:02:08;3.70%;5.85;128.0;0.0014814814814814814
2023-04-13;124.0;17;00:01:45;8.33%;5.17;105.0;0.0012152777777777778
2023-04-14;115.0;17;00:01:48;12.50%;4.79;108.0;0.00125
2023-04-15;154.0;13;00:02:24;0.00%;7.0;144.0;0.0016666666666666668
2023-04-16;157.0;19;00:02:46;8.00%;6.28;166.0;0.0019212962962962964
2023-04-17;130.0;20;00:00:49;4.76%;6.19;49.0;0.0005671296296296297
2023-04-18;129.0;17;00:01:48;0.00%;6.14;108.0;0.00125
2023-04-19;144.0;15;00:04:50;10.00%;7.2;290.0;0.0033564814814814816
2023-04-20;135.0;27;00:01:11;12.12%;4.09;71.0;0.0008217592592592593
2023-04-21;125.0;16;00:01:10;0.00%;6.94;70.0;0.0008101851851851852
2023-04-22;45.0;8;00:01:12;11.11%;5.0;72.0;0.0008333333333333334
2023-04-23;172.0;19;00:02:08;4.00%;6.88;128.0;0.0014814814814814814
2023-04-24;158.0;23;00:02:40;4.00%;6.32;160.0;0.001851851851851852
2023-04-25;311.0;41;00:01:42;8.16%;6.35;102.0;0.0011805555555555556
2023-04-26;171.0;37;00:01:00;13.04%;3.72;60.0;0.0006944444444444445
2023-04-27;159.0;30;00:01:24;2.94%;4.68;84.0;0.0009722222222222222
2023-04-28;329.0;37;00:01:48;6.38%;7.0;108.0;0.00125
2023-04-29;100.0;16;00:01:13;4.76%;4.76;73.0;0.0008449074074074074
2023-04-30;153.0;18;00:01:26;5.00%;7.65;86.0;0.0009953703703703704
2023-05-01;224.0;46;00:00:51;2.00%;4.48;51.0;0.0005902777777777778
2023-05-02;335.0;56;00:01:28;5.80%;4.86;88.0;0.0010185185185185184
2023-05-03;497.0;49;00:01:00;5.26%;8.72;60.0;0.0006944444444444445
2023-05-04;252.0;46;00:01:29;9.26%;4.67;89.0;0.0010300925925925926
2023-05-05;440.0;25;00:01:37;6.25%;13.75;97.0;0.0011226851851851851
2023-05-06;158.0;19;00:01:55;4.17%;6.58;115.0;0.0013310185185185185
2023-05-07;252.0;28;00:03:11;6.06%;7.64;191.0;0.002210648148148148
2023-05-08;212.0;32;00:01:59;7.69%;5.44;119.0;0.0013773148148148147
2023-05-09;339.0;33;00:02:23;7.89%;8.92;143.0;0.0016550925925925926
2023-05-11;377.0;36;00:02:19;8.89%;8.38;139.0;0.0016087962962962963
2023-05-12;234.0;45;00:01:17;7.69%;4.5;77.0;0.0008912037037037037
2023-05-13;176.0;27;00:01:30;6.06%;5.33;90.0;0.0010416666666666667
2023-05-15;507.0;72;00:01:35;5.81%;5.9;95.0;0.001099537037037037
2023-05-16;338.0;42;00:02:21;7.84%;6.63;141.0;0.0016319444444444445
2023-05-17;240.0;41;00:01:38;4.55%;5.45;98.0;0.0011342592592592593
2023-05-18;156.0;29;00:03:12;6.25%;4.88;192.0;0.0022222222222222222
2023-05-19;113.0;17;00:03:19;5.56%;6.28;199.0;0.0023032407407407407
2023-05-20;241.0;33;00:02:31;5.56%;6.69;151.0;0.0017476851851851852
2023-05-21;170.0;35;00:01:19;9.76%;4.15;79.0;0.0009143518518518518
2023-05-22;372.0;41;00:01:57;8.16%;7.59;117.0;0.0013541666666666667
2023-05-23;407.0;51;00:01:44;9.23%;6.26;104.0;0.0012037037037037038
2023-05-24;342.0;54;00:01:59;7.58%;5.18;119.0;0.0013773148148148147
2023-05-25;283.0;45;00:01:58;8.93%;5.05;118.0;0.0013657407407407407
2023-05-26;201.0;38;00:01:06;6.52%;4.37;66.0;0.0007638888888888889
2023-05-27;112.0;23;00:00:49;0.00%;4.87;49.0;0.0005671296296296297
2023-05-28;157.0;24;00:01:20;0.00%;5.81;80.0;0.000925925925925926
2023-05-29;243.0;25;00:02:16;6.45%;7.84;136.0;0.001574074074074074
2023-05-30;298.0;33;00:02:58;4.55%;6.77;178.0;0.0020601851851851853
2023-05-31;465.0;62;00:01:29;1.49%;6.94;89.0;0.0010300925925925926
2023-06-01;202.0;46;00:00:49;2.08%;4.21;49.0;0.0005671296296296297
2023-06-02;166.0;31;00:00:47;17.14%;4.74;47.0;0.0005439814814814814
2023-06-03;187.0;28;00:01:45;6.06%;5.67;105.0;0.0012152777777777778
2023-06-04;119.0;19;00:01:27;3.45%;4.1;87.0;0.0010069444444444444
2023-06-05;163.0;26;00:01:11;6.90%;5.62;71.0;0.0008217592592592593
2023-06-06;219.0;35;00:02:06;7.14%;5.21;126.0;0.0014583333333333334
2023-06-07;147.0;32;00:01:10;2.86%;4.2;70.0;0.0008101851851851852
2023-06-08;301.0;37;00:02:43;6.67%;6.69;163.0;0.0018865740740740742
2023-06-09;255.0;33;00:01:48;2.38%;6.07;108.0;0.00125
2023-06-10;116.0;26;00:01:04;6.90%;4.0;64.0;0.0007407407407407407
2023-06-11;154.0;22;00:01:11;11.11%;5.7;71.0;0.0008217592592592593
2023-06-12;301.0;44;00:01:46;14.81%;5.57;106.0;0.0012268518518518518
2023-06-14;155.0;33;00:01:09;5.41%;4.19;69.0;0.0007986111111111112
2023-06-15;258.0;51;00:01:14;3.51%;4.53;74.0;0.0008564814814814815
2023-06-16;251.0;35;00:01:31;4.76%;5.98;91.0;0.0010532407407407407
2023-06-17;153.0;27;00:01:31;12.50%;4.78;91.0;0.0010532407407407407
2023-06-18;191.0;37;00:02:02;2.50%;4.78;122.0;0.001412037037037037
2023-06-19;255.0;47;00:01:04;13.21%;4.81;64.0;0.0007407407407407407
2023-06-20;195.0;26;00:02:17;10.34%;6.72;137.0;0.001585648148148148
2023-06-21;172.0;29;00:02:42;0.00%;5.21;162.0;0.001875
2023-06-22;236.0;47;00:01:14;4.17%;4.92;74.0;0.0008564814814814815
2023-06-23;190.0;28;00:01:31;0.00%;5.59;91.0;0.0010532407407407407
2023-06-24;362.0;49;00:02:28;6.56%;5.93;148.0;0.001712962962962963
2023-06-25;908.0;29;00:01:44;3.13%;28.38;104.0;0.0012037037037037038
2023-06-26;259.0;48;00:01:02;1.92%;4.98;62.0;0.0007175925925925926
2023-06-27;261.0;36;00:01:34;11.36%;5.93;94.0;0.0010879629629629629
2023-06-28;212.0;30;00:01:27;5.56%;5.89;87.0;0.0010069444444444444
2023-06-29;187.0;31;00:01:53;11.76%;5.5;113.0;0.0013078703703703703
2023-06-30;285.0;40;00:01:23;9.26%;5.28;83.0;0.0009606481481481482
2023-07-01;135.0;24;00:01:00;3.57%;4.82;60.0;0.0006944444444444445
2023-07-02;111.0;28;00:00:47;6.45%;3.58;47.0;0.0005439814814814814
2023-07-03;273.0;43;00:01:02;7.84%;5.35;62.0;0.0007175925925925926
2023-07-04;213.0;41;00:01:43;10.64%;4.53;103.0;0.0011921296296296296
2023-07-05;260.0;49;00:01:20;3.70%;4.81;80.0;0.000925925925925926
2023-07-06;243.0;27;00:03:37;6.06%;7.36;217.0;0.002511574074074074
2023-07-07;144.0;27;00:01:21;0.00%;4.65;81.0;0.0009375
2023-07-08;201.0;25;00:01:48;10.71%;7.18;108.0;0.00125
2023-07-09;213.0;29;00:03:31;0.00%;6.66;211.0;0.0024421296296296296
2023-07-10;318.0;40;00:02:45;14.00%;6.36;165.0;0.0019097222222222222
2023-07-11;197.0;34;00:01:20;7.32%;4.8;80.0;0.000925925925925926
2023-07-12;283.0;54;00:01:06;8.06%;4.56;66.0;0.0007638888888888889
2023-07-13;392.0;38;00:01:37;7.32%;9.56;97.0;0.0011226851851851851
2023-07-14;394.0;46;00:02:22;8.47%;6.68;142.0;0.0016435185185185185
2023-07-15;271.0;36;00:02:28;0.00%;7.53;148.0;0.001712962962962963
2023-07-16;177.0;35;00:01:55;2.86%;5.06;115.0;0.0013310185185185185
2023-07-17;286.0;37;00:03:03;4.76%;6.81;183.0;0.0021180555555555558
2023-07-18;376.0;61;00:01:14;9.86%;5.3;74.0;0.0008564814814814815
2023-07-19;329.0;45;00:02:54;9.80%;6.45;174.0;0.002013888888888889
2023-07-20;752.0;131;00:01:20;4.76%;5.12;80.0;0.000925925925925926
2023-07-21;384.0;76;00:01:06;3.66%;4.68;66.0;0.0007638888888888889
2023-07-22;197.0;26;00:02:18;0.00%;7.3;138.0;0.0015972222222222223
2023-07-23;154.0;25;00:02:17;0.00%;5.7;137.0;0.001585648148148148
2023-07-24;130.0;35;00:00:41;9.76%;3.17;41.0;0.00047453703703703704
2023-07-25;238.0;34;00:01:00;0.00%;5.95;60.0;0.0006944444444444445
2023-07-26;185.0;38;00:01:29;4.76%;4.4;89.0;0.0010300925925925926
2023-07-27;194.0;35;00:01:30;2.38%;4.62;90.0;0.0010416666666666667
2023-07-28;206.0;40;00:01:34;6.12%;4.2;94.0;0.0010879629629629629
2023-07-29;139.0;32;00:01:00;2.78%;3.86;60.0;0.0006944444444444445
2023-07-30;212.0;35;00:01:51;5.00%;5.3;111.0;0.0012847222222222223
2023-07-31;284.0;54;00:01:07;4.55%;4.3;67.0;0.0007754629629629629
2023-08-01;257.0;44;00:01:51;9.62%;4.94;111.0;0.0012847222222222223
2023-08-02;380.0;44;00:03:01;5.77%;7.31;181.0;0.0020949074074074073
2023-08-03;240.0;52;00:01:12;8.33%;4.0;72.0;0.0008333333333333334
2023-08-04;175.0;26;00:01:19;9.68%;5.65;79.0;0.0009143518518518518
2023-08-05;112.0;21;00:02:22;0.00%;4.87;142.0;0.0016435185185185185
2023-08-06;179.0;38;00:01:40;5.13%;4.59;100.0;0.0011574074074074073
2023-08-07;395.0;68;00:02:14;2.67%;5.27;134.0;0.0015509259259259259
2023-08-08;336.0;48;00:01:50;7.14%;6.0;110.0;0.0012731481481481483
2023-08-09;304.0;52;00:02:05;3.39%;5.15;125.0;0.0014467592592592592
2023-08-10;291.0;44;00:01:36;1.85%;5.39;96.0;0.0011111111111111111
2023-08-11;242.0;39;00:01:13;6.38%;5.15;73.0;0.0008449074074074074
2023-08-12;134.0;24;00:00:51;0.00%;4.19;51.0;0.0005902777777777778
2023-08-13;99.0;23;00:01:04;11.11%;3.67;64.0;0.0007407407407407407
2023-08-14;186.0;40;00:01:18;2.38%;4.43;78.0;0.0009027777777777777
2023-08-15;289.0;50;00:02:04;9.26%;5.35;124.0;0.0014351851851851852
2023-08-16;233.0;34;00:02:00;10.00%;5.83;120.0;0.001388888888888889
2023-08-17;196.0;32;00:01:32;2.50%;4.9;92.0;0.0010648148148148149
2023-08-19;137.0;31;00:01:09;5.41%;3.7;69.0;0.0007986111111111112
2023-08-20;169.0;33;00:01:38;5.26%;4.45;98.0;0.0011342592592592593
2023-08-21;294.0;53;00:02:12;5.36%;5.25;132.0;0.0015277777777777779
2023-08-22;448.0;57;00:01:00;8.96%;6.69;60.0;0.0006944444444444445
2023-08-23;207.0;34;00:01:21;5.26%;5.45;81.0;0.0009375
2023-08-24;284.0;54;00:01:04;4.92%;4.66;64.0;0.0007407407407407407
2023-08-25;167.0;38;00:02:15;2.38%;3.98;135.0;0.0015625
2023-08-26;179.0;36;00:01:27;2.63%;4.71;87.0;0.0010069444444444444
2023-08-27;419.0;34;00:03:13;0.00%;11.64;193.0;0.0022337962962962962
2023-08-28;234.0;40;00:02:04;4.44%;5.2;124.0;0.0014351851851851852
2023-08-29;323.0;54;00:02:07;4.76%;5.13;127.0;0.0014699074074074074
2023-08-30;265.0;56;00:01:39;6.45%;4.27;99.0;0.0011458333333333333
2023-09-01;240.0;41;00:01:11;4.17%;5.0;71.0;0.0008217592592592593
2023-09-02;167.0;24;00:00:45;2.78%;4.64;45.0;0.0005208333333333333
2023-09-03;125.0;28;00:01:09;0.00%;4.03;69.0;0.0007986111111111112
2023-09-04;197.0;31;00:02:25;5.56%;5.47;145.0;0.0016782407407407408
2023-09-05;272.0;47;00:01:26;15.52%;4.69;86.0;0.0009953703703703704
2023-09-06;353.0;49;00:01:31;11.67%;5.88;91.0;0.0010532407407407407
2023-09-07;134.0;34;00:00:25;2.70%;3.62;25.0;0.00028935185185185184
2023-09-08;241.0;28;00:02:15;6.67%;8.03;135.0;0.0015625
2023-09-09;273.0;37;00:02:31;2.38%;6.5;151.0;0.0017476851851851852
2023-09-10;217.0;41;00:01:52;2.38%;5.17;112.0;0.0012962962962962963
2023-09-11;130.0;34;00:00:44;20.93%;3.02;44.0;0.0005092592592592592
2023-09-12;297.0;55;00:01:52;8.96%;4.43;112.0;0.0012962962962962963
2023-09-13;231.0;37;00:01:48;17.39%;5.02;108.0;0.00125
2023-09-15;132.0;34;00:02:11;2.70%;3.57;131.0;0.0015162037037037036
2023-09-16;148.0;30;00:01:06;0.00%;4.63;66.0;0.0007638888888888889
2023-09-17;145.0;37;00:00:42;4.88%;3.54;42.0;0.0004861111111111111
2023-09-18;444.0;67;00:01:28;7.14%;5.29;88.0;0.0010185185185185184
2023-09-19;3.375;48;00:01:22;5.36%;60.27;82.0;0.0009490740740740741
2023-09-20;307.0;43;00:01:57;12.00%;6.14;117.0;0.0013541666666666667
2023-09-21;304.0;47;00:02:18;9.26%;5.63;138.0;0.0015972222222222223
2023-09-22;167.0;29;00:02:54;6.25%;5.22;174.0;0.002013888888888889
2023-09-23;181.0;20;00:02:01;0.00%;8.23;121.0;0.001400462962962963
2023-09-24;261.0;27;00:04:40;0.00%;7.68;280.0;0.0032407407407407406
2023-09-25;281.0;38;00:01:50;6.25%;5.85;110.0;0.0012731481481481483
2023-09-26;315.0;40;00:01:32;2.00%;6.3;92.0;0.0010648148148148149
2023-09-27;245.0;41;00:01:20;10.64%;5.21;80.0;0.000925925925925926
2023-09-28;281.0;40;00:01:41;10.64%;5.98;101.0;0.0011689814814814816
2023-09-29;118.0;30;00:01:55;9.09%;3.58;115.0;0.0013310185185185185
2023-09-30;73.0;19;00:01:18;0.00%;3.65;78.0;0.0009027777777777777
2023-10-01;253.0;36;00:02:59;6.98%;5.88;179.0;0.0020717592592592593
2023-10-02;109.0;28;00:01:53;6.45%;3.52;113.0;0.0013078703703703703
2023-10-03;102.0;31;00:01:11;8.57%;2.91;71.0;0.0008217592592592593
2023-10-04;213.0;32;00:01:46;2.63%;5.61;106.0;0.0012268518518518518
2023-10-05;274.0;56;00:02:01;7.81%;4.28;121.0;0.001400462962962963
2023-10-06;199.0;48;00:01:56;3.92%;3.9;116.0;0.0013425925925925925
2023-10-08;189.0;49;00:01:33;9.26%;3.5;93.0;0.0010763888888888889
2023-10-09;189.0;49;00:01:33;9.26%;3.5;93.0;0.0010763888888888889
2023-10-10;189.0;49;00:01:33;9.26%;3.5;93.0;0.0010763888888888889
2023-10-11;189.0;49;00:01:33;9.26%;3.5;93.0;0.0010763888888888889
2023-10-12;226.0;50;00:02:08;14.04%;3.96;128.0;0.0014814814814814814
2023-10-13;254.0;53;00:01:31;7.69%;3.91;91.0;0.0010532407407407407
2023-10-14;254.0;53;00:01:31;7.69%;3.91;91.0;0.0010532407407407407
2023-10-15;254.0;53;00:01:31;7.69%;3.91;91.0;0.0010532407407407407
2023-10-16;254.0;53;00:01:31;7.69%;3.91;91.0;0.0010532407407407407
2023-10-17;248.0;59;00:01:36;6.15%;3.82;96.0;0.0011111111111111111
2023-10-18;156.0;46;00:01:52;6.00%;3.12;112.0;0.0012962962962962963
2023-10-19;179.0;49;00:01:24;3.85%;3.44;84.0;0.0009722222222222222
2023-10-20;83.0;28;00:01:31;16.13%;2.68;91.0;0.0010532407407407407
2023-10-21;103.0;24;00:02:49;12.00%;4.12;169.0;0.0019560185185185184
2023-10-22;235.0;36;00:01:49;4.35%;5.11;109.0;0.001261574074074074
2023-10-23;209.0;54;00:01:37;8.20%;3.43;97.0;0.0011226851851851851
2023-10-24;228.0;45;00:01:41;11.11%;4.22;101.0;0.0011689814814814816
2023-10-25;212.0;51;00:02:18;10.34%;3.66;138.0;0.0015972222222222223
2023-10-26;157.0;47;00:01:01;16.67%;2.62;61.0;0.0007060185185185185
2023-10-27;69.0;52;00:01:20;26.67%;1.15;80.0;0.000925925925925926
2023-10-28;30.0;29;00:01:13;36.67%;1.0;73.0;0.0008449074074074074
2023-10-29;52.0;39;00:01:29;34.78%;1.13;89.0;0.0010300925925925926
2023-10-30;341.0;48;00:01:32;35.48%;5.5;92.0;0.0010648148148148149
2023-10-31;50.0;39;00:01:33;24.44%;1.11;93.0;0.0010763888888888889
2023-11-01;407.0;51;00:01:09;42.37%;6.9;69.0;0.0007986111111111112
2023-11-02;314.0;67;00:01:40;26.32%;4.13;100.0;0.0011574074074074073
2023-11-03;110.0;45;00:01:18;33.96%;2.08;78.0;0.0009027777777777777
2023-11-04;63.0;52;00:01:47;32.79%;1.03;107.0;0.001238425925925926
2023-11-05;148.0;58;00:01:26;23.88%;2.21;86.0;0.0009953703703703704
2023-11-06;72.0;55;00:02:01;31.34%;1.07;121.0;0.001400462962962963
2023-11-07;64.0;56;00:02:06;31.67%;1.07;126.0;0.0014583333333333334
2023-11-08;62.0;49;00:01:51;34.55%;1.13;111.0;0.0012847222222222223
2023-11-09;64.0;55;00:01:01;37.10%;1.03;61.0;0.0007060185185185185
2023-11-10;64.0;51;00:01:40;23.21%;1.14;100.0;0.0011574074074074073
2023-11-11;59.0;47;00:01:22;46.55%;1.02;82.0;0.0009490740740740741
2023-11-12;56.0;47;00:01:59;38.98%;0.95;119.0;0.0013773148148148147
2023-11-13;93.0;75;00:02:06;27.38%;1.11;126.0;0.0014583333333333334
2023-11-14;80.0;61;00:02:08;33.82%;1.18;128.0;0.0014814814814814814
2023-11-15;67.0;54;00:01:30;21.67%;1.12;90.0;0.0010416666666666667
2023-11-16;56.0;52;00:01:32;31.03%;0.97;92.0;0.0010648148148148149
2023-11-17;48.0;39;00:01:31;34.88%;1.12;91.0;0.0010532407407407407
2023-11-18;43.0;31;00:01:23;32.35%;1.26;83.0;0.0009606481481481482
2023-11-19;59.0;49;00:01:54;29.63%;1.09;114.0;0.0013194444444444445
2023-11-20;71.0;57;00:01:36;29.85%;1.06;96.0;0.0011111111111111111
2023-11-21;407.0;77;00:01:30;26.14%;4.63;90.0;0.0010416666666666667
2023-11-22;53.0;44;00:01:01;33.33%;1.1;61.0;0.0007060185185185185
2023-11-23;63.0;54;00:01:44;32.26%;1.02;104.0;0.0012037037037037038
2023-11-24;75.0;53;00:01:50;45.83%;1.04;110.0;0.0012731481481481483
2023-11-25;48.0;44;00:01:38;36.96%;1.04;98.0;0.0011342592592592593
2023-11-26;54.0;42;00:01:30;38.46%;1.04;90.0;0.0010416666666666667
2023-11-27;63.0;45;00:01:42;42.11%;1.11;102.0;0.0011805555555555556
2023-11-28;64.0;51;00:01:52;35.59%;1.08;112.0;0.0012962962962962963
2023-11-29;56.0;41;00:01:40;33.33%;1.04;100.0;0.0011574074074074073
2023-11-30;38.0;32;00:01:41;29.41%;1.12;101.0;0.0011689814814814816
2023-12-01;40.0;39;00:01:24;37.21%;0.93;84.0;0.0009722222222222222
2023-12-02;40.0;29;00:01:59;27.27%;1.21;119.0;0.0013773148148148147
2023-12-03;34.0;28;00:00:55;31.25%;1.06;55.0;0.0006365740740740741
2023-12-04;65.0;58;00:01:40;35.94%;1.02;100.0;0.0011574074074074073
2023-12-05;83.0;63;00:02:55;28.17%;1.17;175.0;0.002025462962962963
2023-12-06;84.0;62;00:03:00;26.03%;1.15;180.0;0.0020833333333333333
2023-12-07;56.0;47;00:01:50;33.96%;1.06;110.0;0.0012731481481481483
2023-12-08;47.0;41;00:02:06;23.91%;1.02;126.0;0.0014583333333333334
2023-12-09;88.0;66;00:02:01;32.89%;1.16;121.0;0.001400462962962963
2023-12-10;49.0;48;00:01:48;35.19%;0.91;108.0;0.00125
2023-12-11;117.0;61;00:02:15;29.11%;1.48;135.0;0.0015625
2023-12-12;61.0;56;00:02:38;29.31%;1.05;158.0;0.0018287037037037037
2023-12-13;70.0;57;00:01:51;30.16%;1.11;111.0;0.0012847222222222223
2023-12-14;54.0;43;00:02:26;40.00%;0.98;146.0;0.0016898148148148148
2023-12-15;57.0;48;00:02:16;17.31%;1.1;136.0;0.001574074074074074
2023-12-16;36.0;31;00:02:00;33.33%;1.0;120.0;0.001388888888888889
2023-12-17;34.0;30;00:02:00;24.24%;1.03;120.0;0.001388888888888889
2023-12-18;64.0;51;00:01:49;31.58%;1.12;109.0;0.001261574074074074
2023-12-19;64.0;47;00:01:34;23.53%;1.25;94.0;0.0010879629629629629
2023-12-20;80.0;70;00:01:24;26.32%;1.05;84.0;0.0009722222222222222
2023-12-21;87.0;57;00:01:34;41.67%;1.21;94.0;0.0010879629629629629
2023-12-22;74.0;54;00:03:36;37.50%;1.16;216.0;0.0025
2023-12-23;61.0;44;00:01:45;23.40%;1.3;105.0;0.0012152777777777778
2023-12-24;33.0;29;00:00:59;35.48%;1.06;59.0;0.0006828703703703704
2023-12-25;52.0;37;00:02:38;10.53%;1.37;158.0;0.0018287037037037037
2023-12-26;43.0;38;00:01:56;34.15%;1.05;116.0;0.0013425925925925925
2023-12-27;52.0;46;00:01:13;29.79%;1.11;73.0;0.0008449074074074074
2023-12-28;50.0;40;00:02:15;24.44%;1.11;135.0;0.0015625
2023-12-29;36.0;34;00:01:32;21.62%;0.97;92.0;0.0010648148148148149
2023-12-30;44.0;31;00:02:42;26.47%;1.29;162.0;0.001875
2023-12-31;47.0;44;00:01:00;27.66%;1.0;60.0;0.0006944444444444445
2024-01-01;49.0;43;00:01:20;23.40%;1.04;80.0;0.000925925925925926
2024-01-03;57.0;54;00:02:10;24.19%;0.92;130.0;0.0015046296296296296
2024-01-04;61.0;52;00:01:49;40.68%;1.03;109.0;0.001261574074074074
2024-01-05;39.0;29;00:02:14;40.00%;0.98;134.0;0.0015509259259259259
2024-01-06;49.0;34;00:01:35;16.22%;1.32;95.0;0.001099537037037037
2024-01-07;60.0;55;00:02:09;28.81%;1.02;129.0;0.0014930555555555556
2024-01-08;69.0;59;00:01:47;28.79%;1.05;107.0;0.001238425925925926
2024-01-09;59.0;54;00:01:44;22.22%;0.94;104.0;0.0012037037037037038
2024-01-10;66.0;55;00:02:37;29.03%;1.06;157.0;0.0018171296296296297
2024-01-11;118.0;96;00:01:45;39.29%;1.05;105.0;0.0012152777777777778
2024-01-12;93.0;56;00:01:18;45.21%;1.27;78.0;0.0009027777777777777
2024-01-13;43.0;34;00:01:56;23.26%;1.0;116.0;0.0013425925925925925
2024-01-14;106.0;84;00:01:10;37.50%;1.1;70.0;0.0008101851851851852
2024-01-15;70.0;66;00:02:00;30.67%;0.93;120.0;0.001388888888888889
2024-01-16;60.0;56;00:01:35;29.51%;0.98;95.0;0.001099537037037037
2024-01-17;69.0;64;00:01:05;31.51%;0.95;65.0;0.0007523148148148148
2024-01-18;65.0;52;00:01:53;34.48%;1.12;113.0;0.0013078703703703703
2024-01-19;50.0;42;00:01:08;31.91%;1.06;68.0;0.000787037037037037
2024-01-20;42.0;35;00:01:46;28.21%;1.08;106.0;0.0012268518518518518
2024-01-21;59.0;54;00:01:12;32.76%;1.02;72.0;0.0008333333333333334
2024-01-22;75.0;68;00:01:10;36.11%;1.04;70.0;0.0008101851851851852
2024-01-23;64.0;58;00:01:33;38.46%;0.98;93.0;0.0010763888888888889
2024-01-24;84.0;68;00:00:50;47.44%;1.08;50.0;0.0005787037037037037
2024-01-25;69.0;64;00:01:17;33.33%;0.92;77.0;0.0008912037037037037
2024-01-26;47.0;44;00:01:25;31.25%;0.98;85.0;0.0009837962962962962
2024-01-27;250.0;42;00:01:12;32.00%;5.0;72.0;0.0008333333333333334
2024-01-28;90.0;49;00:01:19;33.33%;1.58;79.0;0.0009143518518518518
2024-01-29;119.0;86;00:02:14;30.77%;1.14;134.0;0.0015509259259259259
2024-01-30;73.0;65;00:01:12;41.33%;0.97;72.0;0.0008333333333333334
2024-01-31;101.0;85;00:01:40;27.78%;1.12;100.0;0.0011574074074074073
2024-02-01;73.0;60;00:01:59;42.25%;1.03;119.0;0.0013773148148148147
2024-02-02;69.0;53;00:01:28;32.26%;1.11;88.0;0.0010185185185185184
2024-02-03;46.0;35;00:01:39;36.84%;1.21;99.0;0.0011458333333333333
2024-02-04;71.0;66;00:01:36;32.35%;1.04;96.0;0.0011111111111111111
2024-02-05;107.0;85;00:01:21;26.04%;1.11;81.0;0.0009375
2024-02-06;79.0;61;00:01:31;31.43%;1.13;91.0;0.0010532407407407407
2024-02-07;84.0;60;00:02:24;31.58%;1.11;144.0;0.0016666666666666668
2024-02-08;69.0;58;00:01:30;35.82%;1.03;90.0;0.0010416666666666667
2024-02-09;54.0;46;00:01:23;34.00%;1.08;83.0;0.0009606481481481482
2024-02-10;56.0;35;00:02:10;30.00%;1.4;130.0;0.0015046296296296296
2024-02-11;55.0;45;00:01:31;23.53%;1.08;91.0;0.0010532407407407407
2024-02-12;71.0;56;00:01:51;27.42%;1.15;111.0;0.0012847222222222223
2024-02-13;56.0;53;00:01:39;39.66%;0.97;99.0;0.0011458333333333333
2024-02-14;83.0;65;00:01:25;30.00%;1.04;85.0;0.0009837962962962962
2024-02-15;83.0;65;00:01:25;30.00%;1.04;85.0;0.0009837962962962962
2024-02-16;83.0;65;00:01:25;30.00%;1.04;85.0;0.0009837962962962962
2024-02-17;83.0;65;00:01:25;30.00%;1.04;85.0;0.0009837962962962962
2024-02-18;117.0;85;00:01:20;35.85%;1.1;80.0;0.000925925925925926
2024-02-19;94.0;65;00:01:09;42.86%;1.22;69.0;0.0007986111111111112
2024-02-20;92.0;71;00:01:55;42.35%;1.08;115.0;0.0013310185185185185
2024-02-21;110.0;78;00:01:58;25.56%;1.22;118.0;0.0013657407407407407
2024-02-22;77.0;64;00:01:33;36.25%;0.96;93.0;0.0010763888888888889
2024-02-23;67.0;58;00:01:11;37.68%;0.97;71.0;0.0008217592592592593
2024-02-24;64.0;48;00:01:18;39.29%;1.14;78.0;0.0009027777777777777
2024-02-25;65.0;57;00:01:41;27.27%;0.98;101.0;0.0011689814814814816
2024-02-26;95.0;68;00:01:25;39.29%;1.13;85.0;0.0009837962962962962
2024-02-27;100.0;85;00:01:52;38.24%;0.98;112.0;0.0012962962962962963
2024-02-28;84.0;71;00:01:11;34.62%;1.08;71.0;0.0008217592592592593
2024-02-29;78.0;72;00:01:10;27.85%;0.99;70.0;0.0008101851851851852
2024-03-01;61.0;46;00:01:37;34.69%;1.24;97.0;0.0011226851851851851
2024-03-02;69.0;53;00:01:18;43.08%;1.06;78.0;0.0009027777777777777
2024-03-03;77.0;61;00:01:53;33.80%;1.08;113.0;0.0013078703703703703
2024-03-04;116.0;87;00:01:49;40.82%;1.18;109.0;0.001261574074074074
2024-03-05;94.0;81;00:01:22;33.71%;1.06;82.0;0.0009490740740740741
2024-03-06;75.0;65;00:01:17;31.94%;1.04;77.0;0.0008912037037037037
2024-03-07;95.0;69;00:01:31;37.04%;1.17;91.0;0.0010532407407407407
2024-03-09;169.0;54;00:01:29;33.33%;2.96;89.0;0.0010300925925925926
2024-03-10;101.0;77;00:01:38;23.60%;1.13;98.0;0.0011342592592592593
2024-03-11;88.0;77;00:01:40;33.71%;0.99;100.0;0.0011574074074074073
2024-03-12;77.0;63;00:01:32;35.53%;1.01;92.0;0.0010648148148148149
2024-03-13;133.0;92;00:01:55;33.04%;1.16;115.0;0.0013310185185185185
2024-03-14;82.0;72;00:01:11;41.77%;1.04;71.0;0.0008217592592592593
2024-03-15;79.0;63;00:02:13;26.03%;1.08;133.0;0.0015393518518518519
2024-03-16;39.0;35;00:01:10;40.00%;0.98;70.0;0.0008101851851851852
2024-03-17;90.0;73;00:01:29;24.36%;1.15;89.0;0.0010300925925925926
2024-03-18;103.0;83;00:01:31;31.96%;1.06;91.0;0.0010532407407407407
2024-03-19;68.0;58;00:01:56;36.92%;1.05;116.0;0.0013425925925925925
2024-03-20;76.0;62;00:01:24;46.84%;0.96;84.0;0.0009722222222222222
2024-03-21;65.0;57;00:01:10;30.65%;1.05;70.0;0.0008101851851851852
2024-03-22;74.0;62;00:01:40;36.49%;1.0;100.0;0.0011574074074074073
2024-03-23;66.0;54;00:01:26;45.90%;1.08;86.0;0.0009953703703703704
2024-03-25;117.0;92;00:01:17;39.45%;1.07;77.0;0.0008912037037037037
2024-03-26;102.0;85;00:01:11;46.53%;1.01;71.0;0.0008217592592592593
2024-03-27;101.0;79;00:01:20;39.78%;1.09;80.0;0.000925925925925926
2024-03-28;75.0;67;00:00:56;32.88%;1.03;56.0;0.0006481481481481481
2024-03-29;60.0;55;00:01:31;34.38%;0.94;91.0;0.0010532407407407407
2024-03-30;42.0;38;00:01:50;35.90%;1.08;110.0;0.0012731481481481483
2024-03-31;54.0;45;00:01:44;35.29%;1.06;104.0;0.0012037037037037038
2024-04-01;89.0;68;00:01:12;34.72%;1.24;72.0;0.0008333333333333334
2024-04-02;131.0;89;00:02:42;24.30%;1.22;162.0;0.001875
2024-04-03;753.0;88;00:02:03;31.13%;7.1;123.0;0.0014236111111111112
2024-04-04;322.0;112;00:02:19;24.60%;2.56;139.0;0.0016087962962962963
2024-04-05;683.0;64;00:02:53;29.49%;8.76;173.0;0.002002314814814815
2024-04-06;57.0;47;00:01:47;27.45%;1.12;107.0;0.001238425925925926
2024-04-07;78.0;57;00:02:01;20.63%;1.24;121.0;0.001400462962962963
2024-04-08;390.0;93;00:01:34;36.13%;3.28;94.0;0.0010879629629629629
2024-04-09;472.0;74;00:01:57;29.35%;5.13;117.0;0.0013541666666666667
2024-04-10;120.0;106;00:01:35;35.83%;1.0;95.0;0.001099537037037037
2024-04-11;125.0;95;00:01:57;31.43%;1.19;117.0;0.0013541666666666667
2024-04-12;531.0;56;00:01:54;28.79%;8.05;114.0;0.0013194444444444445
2024-04-13;64.0;56;00:01:26;20.69%;1.1;86.0;0.0009953703703703704
2024-04-14;66.0;60;00:01:16;33.85%;1.02;76.0;0.0008796296296296296
2024-04-15;150.0;95;00:01:45;24.30%;1.4;105.0;0.0012152777777777778
2024-04-16;117.0;95;00:02:26;28.30%;1.1;146.0;0.0016898148148148148
2024-04-17;133.0;109;00:01:54;35.25%;1.09;114.0;0.0013194444444444445
2024-04-18;104.0;84;00:01:38;33.33%;1.05;98.0;0.0011342592592592593
2024-04-19;106.0;89;00:01:38;35.11%;1.13;98.0;0.0011342592592592593
2024-04-20;72.0;62;00:01:17;34.33%;1.07;77.0;0.0008912037037037037
2024-04-21;110.0;88;00:01:27;30.30%;1.11;87.0;0.0010069444444444444
2024-04-22;124.0;106;00:01:16;29.82%;1.09;76.0;0.0008796296296296296
2024-04-23;86.0;75;00:01:58;28.05%;1.05;118.0;0.0013657407407407407
2024-04-24;134.0;97;00:01:30;36.04%;1.21;90.0;0.0010416666666666667
2024-04-25;98.0;81;00:00:58;46.74%;1.07;58.0;0.0006712962962962962
2024-04-26;118.0;100;00:01:30;37.07%;1.02;90.0;0.0010416666666666667
2024-04-27;65.0;55;00:01:34;25.00%;1.08;94.0;0.0010879629629629629
2024-04-28;89.0;76;00:01:21;30.12%;1.07;81.0;0.0009375
2024-04-29;79.0;72;00:01:46;28.21%;1.01;106.0;0.0012268518518518518
2024-04-30;106.0;76;00:01:33;31.82%;1.2;93.0;0.0010763888888888889
2024-05-01;90.0;72;00:01:32;28.05%;1.1;92.0;0.0010648148148148149
2024-05-02;204.0;98;00:01:17;37.61%;1.87;77.0;0.0008912037037037037
2024-05-03;80.0;75;00:01:19;25.00%;1.05;79.0;0.0009143518518518518
2024-05-04;69.0;61;00:01:37;23.44%;1.08;97.0;0.0011226851851851851
2024-05-05;99.0;69;00:01:27;40.79%;1.3;87.0;0.0010069444444444444
2024-05-06;208.0;90;00:01:18;33.33%;1.98;78.0;0.0009027777777777777
2024-05-07;105.0;90;00:02:13;26.47%;1.03;133.0;0.0015393518518518519
2024-05-08;72.0;68;00:01:11;36.36%;0.94;71.0;0.0008217592592592593
2024-05-09;81.0;69;00:01:33;31.58%;1.07;93.0;0.0010763888888888889
2024-05-10;162.0;66;00:01:30;30.56%;2.25;90.0;0.0010416666666666667
2024-05-11;74.0;63;00:01:14;38.03%;1.04;74.0;0.0008564814814814815
2024-05-12;66.0;56;00:01:00;39.39%;1.0;60.0;0.0006944444444444445
2024-05-13;332.0;85;00:02:05;34.00%;3.32;125.0;0.0014467592592592592
2024-05-14;68.0;57;00:01:02;38.81%;1.01;62.0;0.0007175925925925926
2024-05-15;88.0;75;00:01:04;37.35%;1.06;64.0;0.0007407407407407407
2024-05-16;106.0;90;00:01:41;30.21%;1.1;101.0;0.0011689814814814816
2024-05-17;321.0;88;00:01:42;35.00%;3.21;102.0;0.0011805555555555556
2024-05-18;98.0;72;00:01:35;27.27%;1.27;95.0;0.001099537037037037
2024-05-19;93.0;79;00:01:35;24.72%;1.04;95.0;0.001099537037037037
2024-05-20;94.0;82;00:01:11;33.33%;1.08;71.0;0.0008217592592592593
2024-05-21;198.0;120;00:01:13;31.06%;1.5;73.0;0.0008449074074074074
2024-05-22;193.0;162;00:01:36;33.33%;1.07;96.0;0.0011111111111111111
2024-05-23;178.0;145;00:01:25;33.73%;1.05;85.0;0.0009837962962962962
2024-05-24;124.0;113;00:01:44;32.00%;0.99;104.0;0.0012037037037037038
2024-05-25;111.0;95;00:01:23;29.00%;1.11;83.0;0.0009606481481481482
2024-05-26;139.0;123;00:01:30;29.77%;1.06;90.0;0.0010416666666666667
2024-05-27;170.0;144;00:01:04;34.38%;1.06;64.0;0.0007407407407407407
2024-05-28;183.0;161;00:01:29;27.87%;1.0;89.0;0.0010300925925925926
2024-05-29;130.0;108;00:01:27;37.60%;1.04;87.0;0.0010069444444444444
2024-05-30;238.0;189;00:01:41;28.77%;1.09;101.0;0.0011689814814814816
2024-05-31;147.0;128;00:01:47;35.71%;1.05;107.0;0.001238425925925926
2024-06-01;147.0;104;00:02:39;31.93%;1.24;159.0;0.0018402777777777777
2024-06-02;166.0;138;00:01:57;31.65%;1.05;117.0;0.0013541666666666667
2024-06-03;164.0;121;00:01:53;28.47%;1.14;113.0;0.0013078703703703703
2024-06-04;130.0;112;00:01:29;31.20%;1.04;89.0;0.0010300925925925926
2024-06-05;117.0;109;00:01:33;23.93%;1.0;93.0;0.0010763888888888889
2024-06-06;118.0;97;00:01:57;33.01%;1.15;117.0;0.0013541666666666667
2024-06-07;70.0;58;00:01:35;31.34%;1.04;95.0;0.001099537037037037
2024-06-08;71.0;59;00:00:55;39.06%;1.11;55.0;0.0006365740740740741
2024-06-09;81.0;65;00:01:14;36.84%;1.07;74.0;0.0008564814814814815
2024-06-10;457.0;98;00:02:04;35.14%;4.12;124.0;0.0014351851851851852
2024-06-11;217.0;93;00:01:59;39.25%;2.03;119.0;0.0013773148148148147
2024-06-12;217.0;93;00:01:59;39.25%;2.03;119.0;0.0013773148148148147
2024-06-13;217.0;93;00:01:59;39.25%;2.03;119.0;0.0013773148148148147
2024-06-14;217.0;93;00:01:59;39.25%;2.03;119.0;0.0013773148148148147
2024-06-15;77.0;58;00:01:55;36.62%;1.08;115.0;0.0013310185185185185
2024-06-16;108.0;81;00:02:00;26.09%;1.17;120.0;0.001388888888888889
2024-06-17;180.0;139;00:01:45;24.50%;1.19;105.0;0.0012152777777777778
2024-06-18;140.0;113;00:01:35;30.83%;1.05;95.0;0.001099537037037037
2024-06-19;113.0;102;00:01:37;37.93%;0.97;97.0;0.0011226851851851851
2024-06-20;121.0;105;00:01:25;21.55%;1.04;85.0;0.0009837962962962962
2024-06-21;119.0;105;00:01:06;32.20%;1.01;66.0;0.0007638888888888889
2024-06-22;101.0;83;00:01:53;24.73%;1.09;113.0;0.0013078703703703703
2024-06-23;75.0;65;00:01:19;29.33%;1.0;79.0;0.0009143518518518518
2024-06-24;124.0;103;00:00:58;35.96%;1.09;58.0;0.0006712962962962962
2024-06-25;95.0;85;00:01:26;34.78%;1.03;86.0;0.0009953703703703704
2024-06-26;97.0;71;00:01:12;35.29%;1.14;72.0;0.0008333333333333334
2024-06-27;89.0;79;00:01:34;34.48%;1.02;94.0;0.0010879629629629629
2024-06-28;85.0;58;00:01:00;36.36%;1.29;60.0;0.0006944444444444445
2024-06-29;87.0;68;00:01:22;43.75%;1.09;82.0;0.0009490740740740741
2024-06-30;99.0;87;00:01:35;28.89%;1.1;95.0;0.001099537037037037
2024-07-01;152.0;83;00:01:25;36.17%;1.62;85.0;0.0009837962962962962
2024-07-02;112.0;93;00:01:27;29.81%;1.08;87.0;0.0010069444444444444
2024-07-03;112.0;89;00:01:17;32.63%;1.18;77.0;0.0008912037037037037
2024-07-04;89.0;79;00:01:28;31.40%;1.03;88.0;0.0010185185185185184
2024-07-06;51.0;50;00:01:30;35.85%;0.96;90.0;0.0010416666666666667
2024-07-07;115.0;88;00:01:38;34.02%;1.19;98.0;0.0011342592592592593
2024-07-08;138.0;106;00:01:17;37.40%;1.12;77.0;0.0008912037037037037
2024-07-09;129.0;109;00:01:23;40.31%;1.0;83.0;0.0009606481481481482
2024-07-10;104.0;95;00:01:54;35.78%;0.95;114.0;0.0013194444444444445
2024-07-11;113.0;91;00:01:22;33.98%;1.1;82.0;0.0009490740740740741
2024-07-12;89.0;74;00:01:51;32.10%;1.1;111.0;0.0012847222222222223
2024-07-13;61.0;44;00:01:37;32.08%;1.15;97.0;0.0011226851851851851
2024-07-14;69.0;64;00:01:49;28.17%;0.97;109.0;0.001261574074074074
2024-07-15;137.0;98;00:01:50;35.83%;1.14;110.0;0.0012731481481481483
2024-07-16;141.0;84;00:01:54;36.08%;1.45;114.0;0.0013194444444444445
2024-07-17;110.0;81;00:01:58;25.29%;1.26;118.0;0.0013657407407407407
2024-07-18;105.0;87;00:01:11;31.91%;1.12;71.0;0.0008217592592592593
2024-07-19;76.0;64;00:01:15;40.58%;1.1;75.0;0.0008680555555555555
2024-07-21;101.0;85;00:01:44;24.47%;1.07;104.0;0.0012037037037037038
2024-07-22;104.0;95;00:01:13;35.29%;1.02;73.0;0.0008449074074074074
2024-07-23;95.0;80;00:01:33;41.38%;1.09;93.0;0.0010763888888888889
2024-07-24;120.0;94;00:01:48;31.73%;1.15;108.0;0.00125
2024-07-25;126.0;95;00:01:56;33.33%;1.14;116.0;0.0013425925925925925
2024-07-26;92.0;78;00:00:55;50.55%;1.01;55.0;0.0006365740740740741
2024-07-27;76.0;60;00:01:22;37.68%;1.1;82.0;0.0009490740740740741
2024-07-28;80.0;69;00:01:20;41.56%;1.04;80.0;0.000925925925925926
2024-07-29;73.0;67;00:01:14;47.95%;1.0;74.0;0.0008564814814814815
2024-07-30;99.0;83;00:01:11;38.71%;1.06;71.0;0.0008217592592592593
2024-07-31;99.0;79;00:01:39;35.63%;1.14;99.0;0.0011458333333333333
2024-08-01;90.0;79;00:01:39;38.64%;1.02;99.0;0.0011458333333333333
2024-08-02;99.0;81;00:01:09;43.96%;1.09;69.0;0.0007986111111111112
2024-08-03;58.0;49;00:01:30;46.15%;1.12;90.0;0.0010416666666666667
2024-08-04;86.0;78;00:01:26;35.00%;1.08;86.0;0.0009953703703703704
2024-08-05;87.0;82;00:01:06;47.78%;0.97;66.0;0.0007638888888888889
2024-08-06;88.0;82;00:01:08;42.53%;1.01;68.0;0.000787037037037037
2024-08-07;113.0;97;00:01:20;41.12%;1.06;80.0;0.000925925925925926
2024-08-08;87.0;67;00:01:10;47.22%;1.21;70.0;0.0008101851851851852
2024-08-09;89.0;75;00:01:54;25.30%;1.07;114.0;0.0013194444444444445
2024-08-10;71.0;63;00:01:20;34.85%;1.08;80.0;0.000925925925925926
2024-08-11;85.0;67;00:01:33;32.88%;1.16;93.0;0.0010763888888888889
2024-08-12;105.0;86;00:01:36;31.87%;1.15;96.0;0.0011111111111111111
2024-08-13;114.0;91;00:01:29;30.10%;1.11;89.0;0.0010300925925925926
2024-08-14;86.0;81;00:01:13;27.38%;1.02;73.0;0.0008449074074074074
2024-08-15;93.0;74;00:01:32;29.41%;1.09;92.0;0.0010648148148148149
2024-08-16;127.0;63;00:01:31;32.35%;1.87;91.0;0.0010532407407407407
2024-08-17;81.0;57;00:02:09;26.47%;1.19;129.0;0.0014930555555555556
2024-08-18;61.0;60;00:01:24;35.94%;0.95;84.0;0.0009722222222222222
2024-08-19;87.0;67;00:01:43;32.91%;1.1;103.0;0.0011921296296296296
2024-08-20;177.0;85;00:01:59;42.72%;1.72;119.0;0.0013773148148148147
2024-08-21;89.0;70;00:01:58;41.98%;1.1;118.0;0.0013657407407407407
2024-08-22;78.0;65;00:01:36;41.67%;1.08;96.0;0.0011111111111111111
2024-08-23;57.0;46;00:01:42;31.37%;1.12;102.0;0.0011805555555555556
2024-08-24;64.0;48;00:01:07;48.15%;1.19;67.0;0.0007754629629629629
2024-08-25;78.0;71;00:01:11;42.31%;1.0;71.0;0.0008217592592592593
2024-08-26;84.0;76;00:02:09;42.53%;0.97;129.0;0.0014930555555555556
2024-08-27;100.0;83;00:01:16;47.83%;1.09;76.0;0.0008796296296296296
2024-08-28;95.0;84;00:01:41;53.26%;1.03;101.0;0.0011689814814814816
2024-08-29;91.0;77;00:01:24;40.23%;1.05;84.0;0.0009722222222222222
2024-08-30;88.0;69;00:01:48;39.53%;1.02;108.0;0.00125
2024-08-31;83.0;63;00:01:16;44.74%;1.09;76.0;0.0008796296296296296
2024-09-01;110.0;86;00:01:33;41.41%;1.11;93.0;0.0010763888888888889
2024-09-02;99.0;80;00:01:35;41.11%;1.1;95.0;0.001099537037037037
2024-09-03;115.0;102;00:01:10;41.12%;1.07;70.0;0.0008101851851851852
2024-09-04;101.0;89;00:01:10;48.51%;1.0;70.0;0.0008101851851851852
2024-09-05;100.0;82;00:01:07;42.27%;1.03;67.0;0.0007754629629629629
2024-09-06;54.0;48;00:01:37;50.94%;1.02;97.0;0.0011226851851851851
2024-09-07;78.0;68;00:01:11;45.83%;1.08;71.0;0.0008217592592592593
2024-09-08;99.0;88;00:01:10;45.16%;1.06;70.0;0.0008101851851851852
2024-09-09;99.0;86;00:01:43;28.42%;1.04;103.0;0.0011921296296296296
2024-09-10;118.0;105;00:01:24;42.02%;0.99;84.0;0.0009722222222222222
2024-09-11;102.0;84;00:01:45;46.32%;1.07;105.0;0.0012152777777777778
2024-09-12;102.0;67;00:01:01;49.35%;1.1;61.0;0.0007060185185185185
2024-09-13;79.0;75;00:00:57;48.72%;1.01;57.0;0.0006597222222222222
2024-09-14;98.0;73;00:01:30;38.75%;1.23;90.0;0.0010416666666666667
2024-09-15;118.0;93;00:02:46;47.62%;1.12;166.0;0.0019212962962962964
2024-09-16;133.0;97;00:02:17;44.14%;1.2;137.0;0.001585648148148148
2024-09-17;117.0;106;00:01:19;41.88%;1.0;79.0;0.0009143518518518518
2024-09-18;107.0;90;00:01:21;46.23%;1.01;81.0;0.0009375
2024-09-19;99.0;88;00:01:50;45.87%;0.91;110.0;0.0012731481481481483
2024-09-20;98.0;79;00:02:17;46.67%;1.09;137.0;0.001585648148148148
2024-09-21;93.0;75;00:01:59;40.00%;1.09;119.0;0.0013773148148148147
2024-09-22;100.0;89;00:01:19;36.96%;1.09;79.0;0.0009143518518518518
2024-09-23;111.0;93;00:01:21;46.60%;1.08;81.0;0.0009375
2024-09-24;140.0;117;00:01:36;49.24%;1.06;96.0;0.0011111111111111111
2024-09-25;106.0;90;00:01:16;45.92%;1.08;76.0;0.0008796296296296296
2024-09-26;93.0;83;00:01:12;43.96%;1.02;72.0;0.0008333333333333334
2024-09-27;93.0;91;00:01:05;50.00%;1.04;65.0;0.0007523148148148148
2024-09-28;107.0;83;00:01:27;35.96%;1.2;87.0;0.0010069444444444444
2024-09-29;98.0;76;00:01:42;37.04%;1.21;102.0;0.0011805555555555556
2024-09-30;106.0;99;00:01:14;33.33%;1.01;74.0;0.0008564814814814815
2024-10-01;115.0;91;00:01:09;38.38%;1.16;69.0;0.0007986111111111112
2024-10-02;95.0;68;00:02:03;41.98%;1.17;123.0;0.0014236111111111112
2024-10-03;95.0;82;00:01:34;34.48%;1.09;94.0;0.0010879629629629629
2024-10-04;71.0;54;00:01:34;38.33%;1.18;94.0;0.0010879629629629629
2024-10-05;70.0;55;00:01:23;30.00%;1.17;83.0;0.0009606481481481482
2024-10-06;120.0;92;00:01:16;35.35%;1.21;76.0;0.0008796296296296296
2024-10-07;140.0;103;00:01:41;38.26%;1.22;101.0;0.0011689814814814816
2024-10-08;122.0;106;00:01:27;38.18%;1.11;87.0;0.0010069444444444444
2024-10-09;94.0;83;00:01:34;33.70%;1.02;94.0;0.0010879629629629629
2024-10-10;85.0;69;00:01:59;25.64%;1.09;119.0;0.0013773148148148147
2024-10-11;51.0;38;00:01:30;33.33%;1.21;90.0;0.0010416666666666667
2024-10-12;70.0;52;00:01:00;25.00%;1.25;60.0;0.0006944444444444445
2024-10-13;116.0;91;00:02:20;37.25%;1.14;140.0;0.0016203703703703703
2024-10-14;123.0;102;00:01:51;38.05%;1.09;111.0;0.0012847222222222223
2024-10-15;97.0;79;00:01:53;38.20%;1.09;113.0;0.0013078703703703703
2024-10-16;109.0;99;00:01:33;32.69%;1.05;93.0;0.0010763888888888889
2024-10-17;118.0;92;00:01:09;42.06%;1.1;69.0;0.0007986111111111112
2024-10-18;90.0;74;00:01:20;27.50%;1.13;80.0;0.000925925925925926
2024-10-19;81.0;70;00:01:20;29.33%;1.08;80.0;0.000925925925925926
2024-10-20;95.0;74;00:01:10;39.76%;1.14;70.0;0.0008101851851851852
2024-10-21;127.0;101;00:01:56;31.15%;1.04;116.0;0.0013425925925925925
2024-10-22;99.0;81;00:01:32;44.68%;1.05;92.0;0.0010648148148148149
2024-10-23;102.0;82;00:01:27;29.67%;1.12;87.0;0.0010069444444444444
2024-10-24;106.0;91;00:01:31;38.46%;1.02;91.0;0.0010532407407407407
2024-10-25;89.0;72;00:01:08;45.98%;1.02;68.0;0.000787037037037037
2024-10-26;81.0;61;00:01:47;37.68%;1.17;107.0;0.001238425925925926
2024-10-27;112.0;78;00:01:35;39.77%;1.27;95.0;0.001099537037037037
2024-10-28;117.0;92;00:01:38;26.26%;1.18;98.0;0.0011342592592592593
2024-10-29;112.0;96;00:01:21;27.62%;1.07;81.0;0.0009375
2024-10-30;104.0;92;00:01:43;30.10%;1.01;103.0;0.0011921296296296296
2024-10-31;100.0;87;00:01:31;44.90%;1.02;91.0;0.0010532407407407407
2024-11-01;64.0;53;00:00:54;43.64%;1.16;54.0;0.000625
2024-11-02;94.0;62;00:01:17;37.68%;1.36;77.0;0.0008912037037037037
2024-11-03;100.0;91;00:00:51;43.16%;1.05;51.0;0.0005902777777777778
2024-11-04;146.0;128;00:01:12;42.55%;1.04;72.0;0.0008333333333333334
2024-11-05;123.0;101;00:01:40;37.72%;1.08;100.0;0.0011574074074074073
2024-11-06;110.0;100;00:01:23;38.89%;1.02;83.0;0.0009606481481481482
2024-11-07;144.0;102;00:00:51;40.71%;1.27;51.0;0.0005902777777777778
2024-11-08;119.0;95;00:01:18;45.95%;1.07;78.0;0.0009027777777777777
2024-11-09;76.0;72;00:00:52;46.15%;0.97;52.0;0.0006018518518518519
2024-11-10;104.0;95;00:00:58;42.31%;1.0;58.0;0.0006712962962962962
2024-11-11;128.0;112;00:01:44;35.71%;1.02;104.0;0.0012037037037037038
2024-11-12;136.0;109;00:01:06;43.09%;1.11;66.0;0.0007638888888888889
2024-11-13;112.0;89;00:00:56;38.38%;1.13;56.0;0.0006481481481481481
2024-11-14;118.0;100;00:01:13;44.95%;1.08;73.0;0.0008449074074074074
2024-11-15;101.0;89;00:01:36;41.30%;1.1;96.0;0.0011111111111111111
2024-11-16;71.0;62;00:01:19;42.19%;1.11;79.0;0.0009143518518518518
2024-11-17;139.0;81;00:01:21;35.63%;1.6;81.0;0.0009375
2024-11-18;84.0;65;00:01:51;43.84%;1.15;111.0;0.0012847222222222223
2024-11-19;58.0;37;00:00:55;56.52%;1.26;55.0;0.0006365740740740741
2024-11-20;47.0;37;00:01:14;44.19%;1.09;74.0;0.0008564814814814815
2024-11-21;69.0;45;00:01:21;46.55%;1.19;81.0;0.0009375
2024-11-22;46.0;38;00:01:16;55.00%;1.15;76.0;0.0008796296296296296
2024-11-23;56.0;36;00:01:23;47.62%;1.33;83.0;0.0009606481481481482
2024-11-24;49.0;38;00:03:08;54.76%;1.17;188.0;0.0021759259259259258
2024-11-25;85.0;55;00:01:20;40.30%;1.27;80.0;0.000925925925925926
2024-11-26;68.0;47;00:01:42;36.21%;1.17;102.0;0.0011805555555555556
2024-11-27;66.0;38;00:01:11;44.00%;1.32;71.0;0.0008217592592592593
2024-11-28;110.0;85;00:01:33;43.43%;1.11;93.0;0.0010763888888888889
2024-11-29;114.0;91;00:01:13;46.23%;1.08;73.0;0.0008449074074074074
2024-11-30;57.0;46;00:01:44;37.74%;1.08;104.0;0.0012037037037037038
2024-12-01;95.0;69;00:01:43;26.74%;1.1;103.0;0.0011921296296296296
2024-12-02;111.0;85;00:01:26;34.31%;1.09;86.0;0.0009953703703703704
2024-12-03;95.0;74;00:01:38;31.82%;1.08;98.0;0.0011342592592592593
2024-12-04;107.0;89;00:01:20;28.42%;1.13;80.0;0.000925925925925926
2024-12-05;76.0;66;00:01:06;39.73%;1.04;66.0;0.0007638888888888889
2024-12-06;88.0;68;00:01:36;29.73%;1.19;96.0;0.0011111111111111111
2024-12-07;60.0;47;00:01:16;31.58%;1.05;76.0;0.0008796296296296296
2024-12-08;83.0;66;00:01:00;34.25%;1.14;60.0;0.0006944444444444445
2024-12-09;105.0;80;00:01:42;35.56%;1.17;102.0;0.0011805555555555556
2024-12-10;99.0;81;00:01:04;38.04%;1.08;64.0;0.0007407407407407407
2024-12-11;78.0;67;00:01:32;26.67%;1.04;92.0;0.0010648148148148149
2024-12-12;92.0;78;00:01:02;39.53%;1.07;62.0;0.0007175925925925926
2024-12-13;102.0;76;00:01:35;34.78%;1.11;95.0;0.001099537037037037
2024-12-14;119.0;93;00:01:31;34.26%;1.1;91.0;0.0010532407407407407
2024-12-15;110.0;97;00:01:06;41.90%;1.05;66.0;0.0007638888888888889
2024-12-16;147.0;121;00:01:13;38.64%;1.11;73.0;0.0008449074074074074
2024-12-17;125.0;107;00:01:04;39.13%;1.09;64.0;0.0007407407407407407
2024-12-18;132.0;109;00:01:20;36.51%;1.05;80.0;0.000925925925925926
2024-12-19;123.0;95;00:01:35;35.24%;1.17;95.0;0.001099537037037037
2024-12-20;102.0;85;00:01:19;34.74%;1.07;79.0;0.0009143518518518518
2024-12-21;102.0;71;00:01:09;39.53%;1.19;69.0;0.0007986111111111112
2024-12-22;102.0;87;00:01:51;29.35%;1.11;111.0;0.0012847222222222223
2024-12-23;90.0;70;00:01:45;39.74%;1.15;105.0;0.0012152777777777778
2024-12-24;92.0;62;00:01:12;43.59%;1.18;72.0;0.0008333333333333334
2024-12-25;89.0;72;00:01:16;39.24%;1.13;76.0;0.0008796296296296296
2024-12-26;120.0;82;00:01:28;37.25%;1.18;88.0;0.0010185185185185184
2024-12-27;140.0;102;00:01:44;35.34%;1.21;104.0;0.0012037037037037038
2024-12-28;99.0;90;00:02:07;37.37%;1.0;127.0;0.0014699074074074074
2024-12-29;124.0;100;00:01:18;36.97%;1.04;78.0;0.0009027777777777777
2024-12-30;83.0;67;00:01:51;28.57%;1.08;111.0;0.0012847222222222223
2024-12-31;68.0;65;00:01:27;34.29%;0.97;87.0;0.0010069444444444444
2025-01-01;83.0;73;00:02:04;36.14%;1.0;124.0;0.0014351851851851852
2025-01-02;93.0;76;00:01:26;32.56%;1.08;86.0;0.0009953703703703704
2025-01-03;109.0;81;00:01:42;30.34%;1.22;102.0;0.0011805555555555556
2025-01-04;77.0;68;00:01:37;35.37%;0.94;97.0;0.0011226851851851851
2025-01-05;328.0;272;00:01:58;32.66%;1.1;118.0;0.0013657407407407407
2025-01-06;131.0;115;00:01:35;31.78%;1.02;95.0;0.001099537037037037
2025-01-07;191.0;155;00:01:45;33.53%;1.1;105.0;0.0012152777777777778
2025-01-08;142.0;116;00:01:56;34.29%;1.01;116.0;0.0013425925925925925
2025-01-09;140.0;111;00:01:15;34.85%;1.06;75.0;0.0008680555555555555
2025-01-10;106.0;93;00:01:10;36.00%;1.06;70.0;0.0008101851851851852
2025-01-11;108.0;84;00:02:14;29.17%;1.13;134.0;0.0015509259259259259
2025-01-12;164.0;117;00:02:11;25.00%;1.24;131.0;0.0015162037037037036
2025-01-13;112.0;87;00:01:38;28.13%;1.17;98.0;0.0011342592592592593
2025-01-14;128.0;115;00:01:44;29.03%;1.03;104.0;0.0012037037037037038
2025-01-15;127.0;106;00:01:44;25.62%;1.05;104.0;0.0012037037037037038
2025-01-16;100.0;88;00:02:00;36.46%;1.04;120.0;0.001388888888888889
2025-01-17;83.0;78;00:01:37;38.55%;1.0;97.0;0.0011226851851851851
2025-01-18;63.0;56;00:01:55;37.10%;1.02;115.0;0.0013310185185185185
2025-01-19;119.0;93;00:02:28;23.81%;1.13;148.0;0.001712962962962963
2025-01-20;150.0;115;00:01:57;29.85%;1.12;117.0;0.0013541666666666667
2025-01-21;130.0;105;00:01:21;35.25%;1.07;81.0;0.0009375
2025-01-22;117.0;99;00:01:29;32.73%;1.06;89.0;0.0010300925925925926
2025-01-23;108.0;91;00:01:50;31.25%;1.13;110.0;0.0012731481481481483
2025-01-24;137.0;105;00:02:04;31.58%;1.2;124.0;0.0014351851851851852
2025-01-25;105.0;86;00:01:43;33.67%;1.07;103.0;0.0011921296296296296
2025-01-26;97.0;75;00:01:37;36.47%;1.14;97.0;0.0011226851851851851
2025-01-27;105.0;95;00:01:55;42.06%;0.98;115.0;0.0013310185185185185
2025-01-28;104.0;92;00:00:53;34.95%;1.01;53.0;0.0006134259259259259
2025-01-29;92.0;74;00:01:30;24.05%;1.16;90.0;0.0010416666666666667
2025-01-30;92.0;80;00:01:23;32.18%;1.06;83.0;0.0009606481481481482
2025-01-31;62.0;57;00:01:25;36.51%;0.98;85.0;0.0009837962962962962
2025-02-01;82.0;71;00:01:37;32.47%;1.06;97.0;0.0011226851851851851
2025-02-02;87.0;70;00:01:14;33.75%;1.09;74.0;0.0008564814814814815
2025-02-03;129.0;116;00:01:17;31.54%;0.99;77.0;0.0008912037037037037
2025-02-04;104.0;94;00:01:25;35.29%;1.02;85.0;0.0009837962962962962
2025-02-05;105.0;90;00:01:58;34.95%;1.02;118.0;0.0013657407407407407
2025-02-06;99.0;75;00:01:26;35.23%;1.13;86.0;0.0009953703703703704
2025-02-07;99.0;87;00:01:08;40.63%;1.03;68.0;0.000787037037037037
2025-02-08;80.0;64;00:01:12;36.00%;1.07;72.0;0.0008333333333333334
2025-02-09;107.0;83;00:01:22;28.26%;1.16;82.0;0.0009490740740740741
2025-02-10;113.0;95;00:01:44;28.43%;1.11;104.0;0.0012037037037037038
2025-02-11;109.0;98;00:01:29;29.25%;1.03;89.0;0.0010300925925925926
2025-02-12;108.0;84;00:01:27;24.44%;1.2;87.0;0.0010069444444444444
2025-02-13;91.0;77;00:01:41;28.05%;1.11;101.0;0.0011689814814814816
2025-02-14;88.0;72;00:02:22;34.94%;1.06;142.0;0.0016435185185185185
2025-02-15;69.0;57;00:01:32;31.75%;1.1;92.0;0.0010648148148148149
2025-02-16;109.0;91;00:01:14;36.00%;1.09;74.0;0.0008564814814814815
2025-02-17;123.0;100;00:01:41;30.19%;1.16;101.0;0.0011689814814814816
2025-02-18;104.0;89;00:01:24;31.25%;1.08;84.0;0.0009722222222222222
2025-02-19;101.0;87;00:00:52;40.82%;1.03;52.0;0.0006018518518518519
2025-02-20;104.0;90;00:01:18;32.00%;1.04;78.0;0.0009027777777777777
2025-02-21;95.0;82;00:02:04;26.88%;1.02;124.0;0.0014351851851851852
2025-02-22;53.0;46;00:01:47;27.08%;1.1;107.0;0.001238425925925926
2025-02-23;89.0;75;00:01:54;35.37%;1.09;114.0;0.0013194444444444445
2025-02-24;98.0;92;00:01:13;34.65%;0.97;73.0;0.0008449074074074074
2025-02-25;97.0;91;00:01:42;34.02%;1.0;102.0;0.0011805555555555556
2025-02-26;139.0;119;00:01:22;31.11%;1.03;82.0;0.0009490740740740741
2025-02-27;131.0;111;00:01:28;28.68%;1.02;88.0;0.0010185185185185184
2025-02-28;89.0;76;00:01:00;39.53%;1.03;60.0;0.0006944444444444445
2025-03-01;78.0;65;00:01:25;34.29%;1.11;85.0;0.0009837962962962962
2025-03-02;55.0;54;00:01:29;36.67%;0.92;89.0;0.0010300925925925926
2025-03-03;99.0;82;00:01:26;30.77%;1.09;86.0;0.0009953703703703704
2025-03-04;106.0;83;00:01:42;33.33%;1.07;102.0;0.0011805555555555556
2025-03-05;105.0;88;00:01:25;31.96%;1.08;85.0;0.0009837962962962962
2025-03-06;111.0;89;00:01:32;37.74%;1.05;92.0;0.0010648148148148149
2025-03-07;84.0;69;00:01:21;39.47%;1.11;81.0;0.0009375
2025-03-08;54.0;51;00:01:09;37.74%;1.02;69.0;0.0007986111111111112
2025-03-09;83.0;70;00:01:08;34.62%;1.06;68.0;0.000787037037037037
2025-03-10;122.0;100;00:01:15;34.51%;1.08;75.0;0.0008680555555555555
2025-03-11;124.0;105;00:01:13;35.04%;1.06;73.0;0.0008449074074074074
2025-03-12;95.0;84;00:01:06;40.63%;0.99;66.0;0.0007638888888888889
2025-03-13;99.0;78;00:01:13;44.21%;1.04;73.0;0.0008449074074074074
2025-03-14;78.0;66;00:01:43;27.78%;1.08;103.0;0.0011921296296296296
2025-03-15;51.0;47;00:01:50;35.19%;0.94;110.0;0.0012731481481481483
2025-03-16;76.0;72;00:01:58;32.43%;1.03;118.0;0.0013657407407407407
2025-03-17;82.0;73;00:01:41;32.94%;0.96;101.0;0.0011689814814814816
2025-03-18;73.0;62;00:01:26;26.47%;1.07;86.0;0.0009953703703703704
2025-03-19;80.0;66;00:01:46;25.00%;1.05;106.0;0.0012268518518518518
2025-03-20;88.0;76;00:01:31;36.05%;1.02;91.0;0.0010532407407407407
2025-03-21;77.0;63;00:00:50;47.89%;1.08;50.0;0.0005787037037037037
2025-03-22;71.0;60;00:01:26;34.29%;1.01;86.0;0.0009953703703703704
2025-03-24;100.0;80;00:02:09;39.36%;1.06;129.0;0.0014930555555555556
2025-03-25;88.0;64;00:01:59;26.67%;1.17;119.0;0.0013773148148148147
2025-03-26;80.0;73;00:01:42;29.11%;1.01;102.0;0.0011805555555555556
2025-03-27;95.0;79;00:01:36;27.91%;1.1;96.0;0.0011111111111111111
2025-03-28;70.0;60;00:01:19;44.44%;0.97;79.0;0.0009143518518518518
2025-03-29;49.0;40;00:00:58;35.56%;1.09;58.0;0.0006712962962962962
2025-03-30;51.0;45;00:01:21;40.00%;1.02;81.0;0.0009375
2025-03-31;85.0;60;00:01:41;23.53%;1.25;101.0;0.0011689814814814816
2025-04-01;79.0;62;00:01:26;38.36%;1.08;86.0;0.0009953703703703704
2025-04-02;82.0;72;00:01:34;34.18%;1.04;94.0;0.0010879629629629629
2025-04-03;72.0;63;00:01:06;39.71%;1.06;66.0;0.0007638888888888889
2025-04-04;81.0;64;00:01:21;32.47%;1.05;81.0;0.0009375
2025-04-05;55.0;45;00:01:01;50.00%;1.06;61.0;0.0007060185185185185
2025-04-06;66.0;57;00:00:55;38.10%;1.05;55.0;0.0006365740740740741
2025-04-07;87.0;76;00:01:19;37.65%;1.02;79.0;0.0009143518518518518
2025-04-08;70.0;59;00:01:23;31.82%;1.06;83.0;0.0009606481481481482
2025-04-09;114.0;89;00:01:52;28.71%;1.13;112.0;0.0012962962962962963
2025-04-10;104.0;69;00:02:03;31.25%;1.3;123.0;0.0014236111111111112
2025-04-11;73.0;58;00:02:53;28.57%;1.16;173.0;0.002002314814814815
2025-04-12;51.0;40;00:01:05;22.50%;1.28;65.0;0.0007523148148148148
2025-04-13;75.0;62;00:02:00;32.86%;1.07;120.0;0.001388888888888889
2025-04-14;74.0;62;00:01:30;39.13%;1.07;90.0;0.0010416666666666667
2025-04-15;87.0;67;00:01:36;31.65%;1.1;96.0;0.0011111111111111111
2025-04-16;67.0;58;00:01:48;24.24%;1.02;108.0;0.00125
2025-04-17;60.0;54;00:01:50;40.98%;0.98;110.0;0.0012731481481481483
2025-04-18;47.0;45;00:01:50;36.96%;1.02;110.0;0.0012731481481481483
2025-04-19;56.0;52;00:01:42;37.04%;1.04;102.0;0.0011805555555555556
2025-04-20;71.0;60;00:01:49;31.34%;1.06;109.0;0.001261574074074074
2025-04-21;79.0;70;00:01:40;30.38%;1.0;100.0;0.0011574074074074073
2025-04-22;94.0;86;00:02:18;33.33%;0.98;138.0;0.0015972222222222223
2025-04-23;96.0;75;00:01:25;32.61%;1.04;85.0;0.0009837962962962962
2025-04-24;79.0;67;00:01:23;45.57%;1.0;83.0;0.0009606481481481482
2025-04-25;81.0;61;00:02:00;36.00%;1.08;120.0;0.001388888888888889
2025-04-26;65.0;49;00:02:05;36.21%;1.12;125.0;0.0014467592592592592
2025-04-27;57.0;55;00:01:08;31.58%;1.0;68.0;0.000787037037037037
2025-04-28;82.0;66;00:01:23;45.95%;1.11;83.0;0.0009606481481481482
2025-04-29;114.0;95;00:02:05;31.07%;1.11;125.0;0.0014467592592592592
2025-04-30;69.0;58;00:01:54;33.85%;1.06;114.0;0.0013194444444444445
2025-05-01;68.0;61;00:01:30;38.03%;0.96;90.0;0.0010416666666666667
2025-05-02;67.0;55;00:01:46;19.35%;1.08;106.0;0.0012268518518518518
2025-05-03;43.0;39;00:01:11;48.72%;1.1;71.0;0.0008217592592592593
2025-05-04;87.0;71;00:01:33;26.92%;1.12;93.0;0.0010763888888888889
2025-05-05;82.0;70;00:01:11;32.00%;1.09;71.0;0.0008217592592592593
2025-05-06;87.0;73;00:01:45;36.47%;1.02;105.0;0.0012152777777777778
2025-05-07;78.0;71;00:01:37;24.36%;1.0;97.0;0.0011226851851851851
2025-05-08;107.0;88;00:01:41;34.91%;1.01;101.0;0.0011689814814814816
2025-05-09;68.0;57;00:01:19;35.82%;1.01;79.0;0.0009143518518518518
2025-05-10;50.0;48;00:02:00;28.07%;0.88;120.0;0.001388888888888889
2025-05-11;67.0;59;00:01:34;33.33%;1.06;94.0;0.0010879629629629629
2025-05-12;71.0;56;00:02:11;22.22%;1.13;131.0;0.0015162037037037036
2025-05-13;92.0;76;00:01:07;38.64%;1.05;67.0;0.0007754629629629629
2025-05-14;76.0;65;00:01:36;30.00%;1.09;96.0;0.0011111111111111111
2025-05-15;83.0;72;00:01:16;34.57%;1.02;76.0;0.0008796296296296296
2025-05-16;82.0;67;00:01:06;33.33%;1.14;66.0;0.0007638888888888889
2025-05-17;49.0;39;00:02:06;18.60%;1.14;126.0;0.0014583333333333334
2025-05-18;65.0;51;00:01:12;37.93%;1.12;72.0;0.0008333333333333334
2025-05-19;91.0;79;00:01:39;41.30%;0.99;99.0;0.0011458333333333333
2025-05-20;86.0;72;00:01:47;26.58%;1.09;107.0;0.001238425925925926
2025-05-21;83.0;72;00:02:07;33.77%;1.08;127.0;0.0014699074074074074
2025-05-22;86.0;76;00:01:54;40.00%;1.01;114.0;0.0013194444444444445
2025-05-23;70.0;56;00:01:10;32.79%;1.15;70.0;0.0008101851851851852
2025-05-24;47.0;41;00:02:00;11.63%;1.09;120.0;0.001388888888888889
2025-05-25;53.0;47;00:01:04;32.08%;1.0;64.0;0.0007407407407407407
2025-05-26;123.0;97;00:01:14;31.78%;1.15;74.0;0.0008564814814814815
2025-05-27;91.0;82;00:01:43;32.97%;1.0;103.0;0.0011921296296296296
2025-05-28;50.0;44;00:00:58;36.17%;1.06;58.0;0.0006712962962962962
2025-05-29;49.0;48;00:01:24;27.45%;0.96;84.0;0.0009722222222222222
2025-05-30;63.0;46;00:02:00;37.04%;1.17;120.0;0.001388888888888889
2025-05-31;53.0;44;00:01:28;34.62%;1.02;88.0;0.0010185185185185184
2025-06-01;53.0;44;00:01:34;29.51%;1.07;94.0;0.0010879629629629629
2025-06-02;80.0;65;00:02:12;23.61%;1.11;132.0;0.0015277777777777779
2025-06-03;95.0;77;00:01:35;30.59%;1.12;95.0;0.001099537037037037
2025-06-04;94.0;74;00:02:12;30.34%;1.06;132.0;0.0015277777777777779
2025-06-05;102.0;77;00:01:16;33.70%;1.11;76.0;0.0008796296296296296
2025-06-06;72.0;55;00:02:03;39.71%;1.06;123.0;0.0014236111111111112
2025-06-07;69.0;57;00:01:33;42.19%;1.08;93.0;0.0010763888888888889
2025-06-08;49.0;44;00:01:53;32.69%;0.94;113.0;0.0013078703703703703
2025-06-09;77.0;61;00:02:09;26.09%;1.12;129.0;0.0014930555555555556
2025-06-10;95.0;71;00:01:18;38.55%;1.14;78.0;0.0009027777777777777
2025-06-11;78.0;62;00:01:11;33.33%;1.13;71.0;0.0008217592592592593
2025-06-12;81.0;79;00:01:19;40.24%;0.99;79.0;0.0009143518518518518
2025-06-13;67.0;54;00:00:59;42.62%;1.1;59.0;0.0006828703703703704
2025-06-14;50.0;45;00:01:59;29.41%;0.98;119.0;0.0013773148148148147
2025-06-15;57.0;49;00:01:44;22.64%;1.08;104.0;0.0012037037037037038
2025-06-16;66.0;59;00:01:09;35.29%;0.97;69.0;0.0007986111111111112
2025-06-17;82.0;68;00:01:26;30.26%;1.08;86.0;0.0009953703703703704
2025-06-18;79.0;67;00:02:18;34.62%;1.01;138.0;0.0015972222222222223
2025-06-19;72.0;61;00:01:20;32.31%;1.11;80.0;0.000925925925925926
2025-06-20;59.0;48;00:01:03;37.74%;1.11;63.0;0.0007291666666666667
2025-06-21;59.0;48;00:01:40;27.78%;1.09;100.0;0.0011574074074074073
2025-06-22;65.0;45;00:01:50;38.18%;1.18;110.0;0.0012731481481481483
2025-06-23;103.0;79;00:01:56;42.55%;1.1;116.0;0.0013425925925925925
2025-06-24;86.0;77;00:01:09;36.05%;1.0;69.0;0.0007986111111111112
2025-06-25;80.0;69;00:01:49;32.89%;1.05;109.0;0.001261574074074074
2025-06-26;75.0;66;00:01:53;37.84%;1.01;113.0;0.0013078703703703703
2025-06-27;70.0;62;00:00:57;39.71%;1.03;57.0;0.0006597222222222222
2025-06-28;81.0;72;00:01:00;40.51%;1.03;60.0;0.0006944444444444445
2025-06-29;89.0;60;00:02:04;27.54%;1.29;124.0;0.0014351851851851852
2025-06-30;88.0;71;00:01:19;42.70%;0.99;79.0;0.0009143518518518518
2025-07-01;59.0;54;00:01:07;70.69%;1.02;67.0;0.0007754629629629629
